DP03: SELECTED ECONOMIC CHARACTERISTICS,,,,,,,,,,,,,,,,,,,,,,,,,,,,,,,,,,,,,,,,,,,,,,,,,,,,,,,,,,,,,,,,,,,,,,,,,
Brooklyn PUMAs (approximate Community Districts),,,,,,,,,,,,,,,,,,,,,,,,,,,,,,,,,,,,,,,,,,,,,,,,,,,,,,,,,,,,,,,,,,,,,,,,,
2011-2013 American Community Survey 3-Year Estimates,,,,,,,,,,,,,,,,,,,,,,,,,,,,,,,,,,,,,,,,,,,,,,,,,,,,,,,,,,,,,,,,,,,,,,,,,
,,,,,,,,,,,,,,,,,,,,,,,,,,,,,,,,,,,,,,,,,,,,,,,,,,,,,,,,,,,,,,,,,,,,,,,,,
Subject,PUMA 4001: Brooklyn Community District 1--Greenpoint & Williamsburg,,,,PUMA 4002: Brooklyn Community District 4--Bushwick,,,,PUMA 4003: Brooklyn Community District 3--Bedford-Stuyvesant,,,,PUMA 4004: Brooklyn Community District 2--Brooklyn Heights & Fort Greene,,,,"PUMA 4005: Brooklyn Community District 6--Park Slope, Carroll Gardens & Red Hook",,,,PUMA 4006: Brooklyn Community District 8--Crown Heights North & Prospect Heights,,,,PUMA 4007: Brooklyn Community District 16--Brownsville & Ocean Hill,,,,PUMA 4008: Brooklyn Community District 5--East New York & Starrett City,,,,PUMA 4009: Brooklyn Community District 18--Canarsie & Flatlands,,,,"PUMA 4010: Brooklyn Community District 17--East Flatbush, Farragut & Rugby",,,,"PUMA 4011: Brooklyn Community District 9--Crown Heights South, Prospect Lefferts & Wingate",,,,PUMA 4012: Brooklyn Community District 7--Sunset Park & Windsor Terrace,,,,PUMA 4013: Brooklyn Community District 10--Bay Ridge & Dyker Heights,,,,"PUMA 4014: Brooklyn Community District 12--Borough Park, Kensington & Ocean Parkway",,,,PUMA 4015: Brooklyn Community District 14--Flatbush & Midwood,,,,"PUMA 4016: Brooklyn Community District 15--Sheepshead Bay, Gerritsen Beach & Homecrest",,,,PUMA 4017: Brooklyn Community District 11--Bensonhurst & Bath Beach,,,,PUMA 4018: Brooklyn Community District 13--Brighton Beach & Coney Island,,,,
,Estimate,Margin of Error,Percent,Percent Margin of Error,Estimate,Margin of Error,Percent,Percent Margin of Error,Estimate,Margin of Error,Percent,Percent Margin of Error,Estimate,Margin of Error,Percent,Percent Margin of Error,Estimate,Margin of Error,Percent,Percent Margin of Error,Estimate,Margin of Error,Percent,Percent Margin of Error,Estimate,Margin of Error,Percent,Percent Margin of Error,Estimate,Margin of Error,Percent,Percent Margin of Error,Estimate,Margin of Error,Percent,Percent Margin of Error,Estimate,Margin of Error,Percent,Percent Margin of Error,Estimate,Margin of Error,Percent,Percent Margin of Error,Estimate,Margin of Error,Percent,Percent Margin of Error,Estimate,Margin of Error,Percent,Percent Margin of Error,Estimate,Margin of Error,Percent,Percent Margin of Error,Estimate,Margin of Error,Percent,Percent Margin of Error,Estimate,Margin of Error,Percent,Percent Margin of Error,Estimate,Margin of Error,Percent,Percent Margin of Error,Estimate,Margin of Error,Percent,Percent Margin of Error,
EMPLOYMENT STATUS  ,,,,,,,,,,,,,,,,,,,,,,,,,,,,,,,,,,,,,,,,,,,,,,,,,,,,,,,,,,,,,,,,,,,,,,,,,
    Population 16 years and over  ,"120,620","+/-3,570","120,620",(X),"113,222","+/-3,704","113,222",(X),"103,329","+/-3,450","103,329",(X),"107,241","+/-3,237","107,241",(X),"93,498","+/-3,343","93,498",(X),"101,430","+/-3,487","101,430",(X),"93,075","+/-3,766","93,075",(X),"117,130","+/-3,844","117,130",(X),"161,872","+/-4,234","161,872",(X),"108,170","+/-3,576","108,170",(X),"86,731","+/-2,935","86,731",(X),"119,799","+/-4,332","119,799",(X),"106,167","+/-3,810","106,167",(X),"111,592","+/-4,229","111,592",(X),"120,806","+/-3,218","120,806",(X),"122,201","+/-3,668","122,201",(X),"153,911","+/-4,035","153,911",(X),"88,049","+/-3,153","88,049",(X),
      In labor force  ,"82,628","+/-2,673",68.5%,+/-1.5,"76,866","+/-3,183",67.9%,+/-1.6,"65,680","+/-2,533",63.6%,+/-1.3,"74,053","+/-2,722",69.1%,+/-1.4,"72,260","+/-2,449",77.3%,+/-1.3,"66,348","+/-2,801",65.4%,+/-1.6,"52,417","+/-2,541",56.3%,+/-1.6,"64,574","+/-2,531",55.1%,+/-1.4,"105,016","+/-2,754",64.9%,+/-1.0,"66,958","+/-2,394",61.9%,+/-1.3,"55,291","+/-2,331",63.7%,+/-1.6,"79,286","+/-3,554",66.2%,+/-1.3,"65,696","+/-2,765",61.9%,+/-1.4,"64,443","+/-2,760",57.7%,+/-1.2,"75,428","+/-2,649",62.4%,+/-1.3,"69,426","+/-2,467",56.8%,+/-1.2,"91,667","+/-3,042",59.6%,+/-1.1,"45,909","+/-2,257",52.1%,+/-1.6,
        Civilian labor force  ,"82,628","+/-2,673",68.5%,+/-1.5,"76,846","+/-3,186",67.9%,+/-1.6,"65,619","+/-2,533",63.5%,+/-1.3,"74,053","+/-2,722",69.1%,+/-1.4,"72,225","+/-2,449",77.2%,+/-1.3,"66,231","+/-2,798",65.3%,+/-1.6,"52,417","+/-2,541",56.3%,+/-1.6,"64,562","+/-2,532",55.1%,+/-1.4,"104,960","+/-2,760",64.8%,+/-1.0,"66,866","+/-2,384",61.8%,+/-1.3,"55,275","+/-2,333",63.7%,+/-1.6,"79,257","+/-3,552",66.2%,+/-1.3,"65,489","+/-2,772",61.7%,+/-1.4,"64,443","+/-2,760",57.7%,+/-1.2,"75,398","+/-2,651",62.4%,+/-1.3,"69,426","+/-2,467",56.8%,+/-1.2,"91,618","+/-3,027",59.5%,+/-1.1,"45,866","+/-2,256",52.1%,+/-1.6,
          Employed  ,"76,766","+/-2,465",63.6%,+/-1.4,"64,467","+/-2,694",56.9%,+/-1.7,"54,784","+/-2,238",53.0%,+/-1.5,"66,938","+/-2,576",62.4%,+/-1.4,"67,323","+/-2,292",72.0%,+/-1.5,"58,196","+/-2,680",57.4%,+/-1.7,"44,263","+/-2,280",47.6%,+/-1.6,"55,780","+/-2,400",47.6%,+/-1.4,"93,414","+/-2,483",57.7%,+/-1.0,"58,645","+/-2,112",54.2%,+/-1.4,"46,990","+/-1,979",54.2%,+/-1.4,"71,417","+/-3,216",59.6%,+/-1.4,"59,425","+/-2,671",56.0%,+/-1.5,"59,832","+/-2,670",53.6%,+/-1.2,"67,603","+/-2,419",56.0%,+/-1.2,"62,893","+/-2,266",51.5%,+/-1.2,"82,217","+/-2,707",53.4%,+/-1.1,"40,196","+/-2,308",45.7%,+/-1.9,
          Unemployed  ,"5,862",+/-744,4.9%,+/-0.6,"12,379","+/-1,332",10.9%,+/-1.0,"10,835","+/-1,086",10.5%,+/-0.9,"7,115",+/-756,6.6%,+/-0.7,"4,902",+/-731,5.2%,+/-0.7,"8,035",+/-780,7.9%,+/-0.8,"8,154",+/-863,8.8%,+/-0.8,"8,782","+/-1,011",7.5%,+/-0.8,"11,546","+/-1,018",7.1%,+/-0.6,"8,221",+/-848,7.6%,+/-0.7,"8,285","+/-1,065",9.6%,+/-1.2,"7,840",+/-955,6.5%,+/-0.7,"6,064",+/-630,5.7%,+/-0.6,"4,611",+/-553,4.1%,+/-0.5,"7,795",+/-757,6.5%,+/-0.6,"6,533",+/-773,5.3%,+/-0.6,"9,401",+/-920,6.1%,+/-0.6,"5,670",+/-946,6.4%,+/-1.1,
        Armed Forces  ,0,+/-110,0.0%,+/-0.1,20,+/-33,0.0%,+/-0.1,61,+/-80,0.1%,+/-0.1,0,+/-110,0.0%,+/-0.1,35,+/-43,0.0%,+/-0.1,117,+/-106,0.1%,+/-0.1,0,+/-110,0.0%,+/-0.1,12,+/-18,0.0%,+/-0.1,56,+/-71,0.0%,+/-0.1,92,+/-90,0.1%,+/-0.1,16,+/-26,0.0%,+/-0.1,29,+/-33,0.0%,+/-0.1,207,+/-95,0.2%,+/-0.1,0,+/-110,0.0%,+/-0.1,30,+/-34,0.0%,+/-0.1,0,+/-110,0.0%,+/-0.1,49,+/-79,0.0%,+/-0.1,43,+/-53,0.0%,+/-0.1,
      Not in labor force  ,"37,992","+/-2,354",31.5%,+/-1.5,"36,356","+/-2,153",32.1%,+/-1.6,"37,649","+/-1,906",36.4%,+/-1.3,"33,188","+/-1,766",30.9%,+/-1.4,"21,238","+/-1,641",22.7%,+/-1.3,"35,082","+/-2,030",34.6%,+/-1.6,"40,658","+/-2,282",43.7%,+/-1.6,"52,556","+/-2,486",44.9%,+/-1.4,"56,856","+/-2,453",35.1%,+/-1.0,"41,212","+/-2,094",38.1%,+/-1.3,"31,440","+/-1,752",36.3%,+/-1.6,"40,513","+/-1,916",33.8%,+/-1.3,"40,471","+/-2,143",38.1%,+/-1.4,"47,149","+/-2,214",42.3%,+/-1.2,"45,378","+/-1,910",37.6%,+/-1.3,"52,775","+/-2,267",43.2%,+/-1.2,"62,244","+/-2,319",40.4%,+/-1.1,"42,140","+/-1,950",47.9%,+/-1.6,
  ,,,,,,,,,,,,,,,,,,,,,,,,,,,,,,,,,,,,,,,,,,,,,,,,,,,,,,,,,,,,,,,,,,,,,,,,,
    Civilian labor force  ,"82,628","+/-2,673","82,628",(X),"76,846","+/-3,186","76,846",(X),"65,619","+/-2,533","65,619",(X),"74,053","+/-2,722","74,053",(X),"72,225","+/-2,449","72,225",(X),"66,231","+/-2,798","66,231",(X),"52,417","+/-2,541","52,417",(X),"64,562","+/-2,532","64,562",(X),"104,960","+/-2,760","104,960",(X),"66,866","+/-2,384","66,866",(X),"55,275","+/-2,333","55,275",(X),"79,257","+/-3,552","79,257",(X),"65,489","+/-2,772","65,489",(X),"64,443","+/-2,760","64,443",(X),"75,398","+/-2,651","75,398",(X),"69,426","+/-2,467","69,426",(X),"91,618","+/-3,027","91,618",(X),"45,866","+/-2,256","45,866",(X),
      Percent Unemployed  ,(X),(X),7.1%,+/-0.8,(X),(X),16.1%,+/-1.5,(X),(X),16.5%,+/-1.5,(X),(X),9.6%,+/-1.0,(X),(X),6.8%,+/-1.0,(X),(X),12.1%,+/-1.1,(X),(X),15.6%,+/-1.5,(X),(X),13.6%,+/-1.5,(X),(X),11.0%,+/-0.9,(X),(X),12.3%,+/-1.1,(X),(X),15.0%,+/-1.7,(X),(X),9.9%,+/-1.1,(X),(X),9.3%,+/-0.9,(X),(X),7.2%,+/-0.8,(X),(X),10.3%,+/-0.9,(X),(X),9.4%,+/-1.0,(X),(X),10.3%,+/-0.9,(X),(X),12.4%,+/-2.1,
  ,,,,,,,,,,,,,,,,,,,,,,,,,,,,,,,,,,,,,,,,,,,,,,,,,,,,,,,,,,,,,,,,,,,,,,,,,
    Females 16 years and over  ,"62,193","+/-2,229","62,193",(X),"57,878","+/-2,191","57,878",(X),"56,382","+/-2,231","56,382",(X),"56,555","+/-1,928","56,555",(X),"48,921","+/-1,977","48,921",(X),"55,928","+/-2,415","55,928",(X),"55,855","+/-2,692","55,855",(X),"66,229","+/-2,299","66,229",(X),"89,147","+/-2,361","89,147",(X),"63,102","+/-2,185","63,102",(X),"48,354","+/-1,909","48,354",(X),"58,486","+/-2,407","58,486",(X),"55,757","+/-2,021","55,757",(X),"55,892","+/-2,085","55,892",(X),"65,929","+/-2,181","65,929",(X),"63,728","+/-2,255","63,728",(X),"79,035","+/-2,346","79,035",(X),"48,313","+/-1,845","48,313",(X),
      In labor force  ,"39,692","+/-1,715",63.8%,+/-2.2,"35,526","+/-1,682",61.4%,+/-2.1,"33,862","+/-1,548",60.1%,+/-1.5,"37,485","+/-1,732",66.3%,+/-1.9,"35,847","+/-1,499",73.3%,+/-1.6,"34,920","+/-1,716",62.4%,+/-1.9,"30,910","+/-1,815",55.3%,+/-1.9,"33,754","+/-1,532",51.0%,+/-1.9,"56,047","+/-1,676",62.9%,+/-1.2,"39,162","+/-1,585",62.1%,+/-1.6,"29,830","+/-1,743",61.7%,+/-2.2,"34,487","+/-1,844",59.0%,+/-1.7,"30,453","+/-1,471",54.6%,+/-1.9,"28,057","+/-1,440",50.2%,+/-1.7,"38,022","+/-1,790",57.7%,+/-1.7,"31,685","+/-1,608",49.7%,+/-1.7,"40,786","+/-1,644",51.6%,+/-1.3,"23,240","+/-1,455",48.1%,+/-2.2,
        Civilian labor force  ,"39,692","+/-1,715",63.8%,+/-2.2,"35,526","+/-1,682",61.4%,+/-2.1,"33,862","+/-1,548",60.1%,+/-1.5,"37,485","+/-1,732",66.3%,+/-1.9,"35,847","+/-1,499",73.3%,+/-1.6,"34,877","+/-1,710",62.4%,+/-1.9,"30,910","+/-1,815",55.3%,+/-1.9,"33,754","+/-1,532",51.0%,+/-1.9,"56,047","+/-1,676",62.9%,+/-1.2,"39,162","+/-1,585",62.1%,+/-1.6,"29,830","+/-1,743",61.7%,+/-2.2,"34,487","+/-1,844",59.0%,+/-1.7,"30,416","+/-1,471",54.6%,+/-1.9,"28,057","+/-1,440",50.2%,+/-1.7,"38,006","+/-1,794",57.6%,+/-1.7,"31,685","+/-1,608",49.7%,+/-1.7,"40,786","+/-1,644",51.6%,+/-1.3,"23,240","+/-1,455",48.1%,+/-2.2,
          Employed  ,"36,953","+/-1,622",59.4%,+/-2.2,"29,134","+/-1,508",50.3%,+/-2.2,"28,565","+/-1,416",50.7%,+/-1.6,"33,935","+/-1,626",60.0%,+/-1.9,"33,561","+/-1,445",68.6%,+/-1.8,"30,882","+/-1,597",55.2%,+/-1.8,"26,565","+/-1,629",47.6%,+/-1.7,"29,628","+/-1,493",44.7%,+/-1.9,"50,934","+/-1,604",57.1%,+/-1.2,"34,872","+/-1,457",55.3%,+/-1.7,"25,563","+/-1,395",52.9%,+/-2.0,"30,912","+/-1,722",52.9%,+/-1.9,"27,623","+/-1,382",49.5%,+/-1.8,"26,106","+/-1,368",46.7%,+/-1.6,"34,431","+/-1,601",52.2%,+/-1.6,"28,904","+/-1,503",45.4%,+/-1.6,"37,070","+/-1,485",46.9%,+/-1.2,"20,879","+/-1,438",43.2%,+/-2.4,
  ,,,,,,,,,,,,,,,,,,,,,,,,,,,,,,,,,,,,,,,,,,,,,,,,,,,,,,,,,,,,,,,,,,,,,,,,,
    Own children under 6 years  ,"13,717","+/-1,250","13,717",(X),"11,442","+/-1,070","11,442",(X),"13,785","+/-1,191","13,785",(X),"9,454","+/-1,119","9,454",(X),"9,599","+/-1,060","9,599",(X),"9,910","+/-1,070","9,910",(X),"12,796","+/-1,147","12,796",(X),"13,638","+/-1,340","13,638",(X),"13,647","+/-1,029","13,647",(X),"10,220","+/-1,155","10,220",(X),"9,833","+/-1,068","9,833",(X),"13,846","+/-1,241","13,846",(X),"9,705",+/-931,"9,705",(X),"22,001","+/-1,504","22,001",(X),"13,252","+/-1,116","13,252",(X),"10,951","+/-1,051","10,951",(X),"12,791","+/-1,063","12,791",(X),"5,858",+/-993,"5,858",(X),
      All parents in family in labor force  ,"6,455",+/-879,47.1%,+/-4.9,"7,159",+/-915,62.6%,+/-5.1,"8,008",+/-961,58.1%,+/-5.0,"6,333",+/-827,67.0%,+/-5.4,"6,852",+/-846,71.4%,+/-5.5,"6,469",+/-831,65.3%,+/-6.1,"7,537",+/-841,58.9%,+/-5.0,"8,025",+/-816,58.8%,+/-5.2,"9,456",+/-759,69.3%,+/-3.5,"7,345","+/-1,021",71.9%,+/-5.4,"6,570",+/-892,66.8%,+/-6.3,"8,167",+/-901,59.0%,+/-4.2,"6,001",+/-844,61.8%,+/-6.1,"9,263",+/-960,42.1%,+/-3.8,"7,123",+/-866,53.8%,+/-5.0,"5,502",+/-795,50.2%,+/-5.4,"6,206",+/-659,48.5%,+/-4.3,"3,212",+/-643,54.8%,+/-7.1,
  ,,,,,,,,,,,,,,,,,,,,,,,,,,,,,,,,,,,,,,,,,,,,,,,,,,,,,,,,,,,,,,,,,,,,,,,,,
    Own children 6 to 17 years  ,"17,415","+/-1,678","17,415",(X),"19,489","+/-1,439","19,489",(X),"21,820","+/-1,694","21,820",(X),"10,677","+/-1,338","10,677",(X),"11,302","+/-1,370","11,302",(X),"14,368","+/-1,265","14,368",(X),"21,703","+/-1,568","21,703",(X),"26,550","+/-1,854","26,550",(X),"30,949","+/-1,414","30,949",(X),"17,650","+/-1,281","17,650",(X),"14,594","+/-1,680","14,594",(X),"21,533","+/-1,479","21,533",(X),"17,145","+/-1,414","17,145",(X),"33,907","+/-1,988","33,907",(X),"23,788","+/-1,998","23,788",(X),"21,667","+/-1,467","21,667",(X),"23,543","+/-1,733","23,543",(X),"10,949","+/-1,323","10,949",(X),
      All parents in family in labor force  ,"8,430","+/-1,203",48.4%,+/-5.7,"14,631","+/-1,375",75.1%,+/-3.5,"14,315","+/-1,396",65.6%,+/-4.3,"7,470","+/-1,043",70.0%,+/-5.7,"8,653","+/-1,116",76.6%,+/-5.5,"10,524","+/-1,220",73.2%,+/-4.8,"14,534","+/-1,324",67.0%,+/-3.4,"16,212","+/-1,503",61.1%,+/-3.9,"23,593","+/-1,205",76.2%,+/-2.7,"13,776","+/-1,112",78.1%,+/-3.4,"10,478","+/-1,346",71.8%,+/-5.7,"13,282","+/-1,114",61.7%,+/-3.8,"9,784","+/-1,202",57.1%,+/-5.6,"17,115","+/-1,572",50.5%,+/-3.6,"14,750","+/-1,631",62.0%,+/-4.4,"12,308","+/-1,214",56.8%,+/-3.9,"13,086","+/-1,181",55.6%,+/-3.6,"7,293","+/-1,115",66.6%,+/-5.8,
  ,,,,,,,,,,,,,,,,,,,,,,,,,,,,,,,,,,,,,,,,,,,,,,,,,,,,,,,,,,,,,,,,,,,,,,,,,
COMMUTING TO WORK  ,,,,,,,,,,,,,,,,,,,,,,,,,,,,,,,,,,,,,,,,,,,,,,,,,,,,,,,,,,,,,,,,,,,,,,,,,
    Workers 16 years and over  ,"75,860","+/-2,471","75,860",(X),"63,579","+/-2,707","63,579",(X),"53,396","+/-2,186","53,396",(X),"65,646","+/-2,544","65,646",(X),"66,230","+/-2,245","66,230",(X),"57,227","+/-2,695","57,227",(X),"43,181","+/-2,225","43,181",(X),"54,846","+/-2,374","54,846",(X),"91,722","+/-2,467","91,722",(X),"57,262","+/-2,101","57,262",(X),"45,873","+/-1,937","45,873",(X),"69,200","+/-3,124","69,200",(X),"57,980","+/-2,596","57,980",(X),"58,586","+/-2,656","58,586",(X),"65,974","+/-2,351","65,974",(X),"61,765","+/-2,204","61,765",(X),"80,422","+/-2,734","80,422",(X),"39,215","+/-2,288","39,215",(X),
"      Car, truck, or van -- drove alone  ","6,682",+/-793,8.8%,+/-1.0,"6,708",+/-799,10.6%,+/-1.2,"8,121",+/-919,15.2%,+/-1.5,"4,840",+/-568,7.4%,+/-0.8,"5,371",+/-631,8.1%,+/-0.9,"6,974",+/-931,12.2%,+/-1.5,"7,828",+/-919,18.1%,+/-1.9,"11,287",+/-975,20.6%,+/-1.5,"34,733","+/-1,571",37.9%,+/-1.4,"13,399",+/-943,23.4%,+/-1.5,"7,302",+/-863,15.9%,+/-1.7,"7,582",+/-699,11.0%,+/-0.9,"15,134","+/-1,142",26.1%,+/-1.8,"12,531","+/-1,052",21.4%,+/-1.6,"13,872","+/-1,034",21.0%,+/-1.5,"18,249","+/-1,003",29.5%,+/-1.4,"16,896","+/-1,217",21.0%,+/-1.4,"9,897",+/-860,25.2%,+/-1.9,
"      Car, truck, or van -- carpooled  ","2,146",+/-460,2.8%,+/-0.6,"1,383",+/-430,2.2%,+/-0.7,"1,368",+/-378,2.6%,+/-0.7,"1,067",+/-257,1.6%,+/-0.4,"2,019",+/-444,3.0%,+/-0.7,"1,533",+/-394,2.7%,+/-0.7,"1,344",+/-349,3.1%,+/-0.8,"2,432",+/-520,4.4%,+/-0.9,"6,319",+/-774,6.9%,+/-0.8,"2,313",+/-430,4.0%,+/-0.8,"1,096",+/-388,2.4%,+/-0.8,"3,682",+/-618,5.3%,+/-0.9,"3,910",+/-530,6.7%,+/-0.9,"3,850",+/-630,6.6%,+/-1.0,"2,716",+/-396,4.1%,+/-0.6,"4,586",+/-632,7.4%,+/-1.0,"5,134",+/-804,6.4%,+/-1.0,"2,493",+/-622,6.4%,+/-1.5,
      Public transportation (excluding taxicab)  ,"48,131","+/-2,229",63.4%,+/-1.6,"46,355","+/-2,456",72.9%,+/-1.9,"35,067","+/-1,784",65.7%,+/-2.2,"45,754","+/-2,162",69.7%,+/-1.6,"44,225","+/-1,918",66.8%,+/-2.1,"40,295","+/-2,035",70.4%,+/-1.9,"29,516","+/-1,770",68.4%,+/-2.2,"36,950","+/-1,755",67.4%,+/-1.9,"44,924","+/-1,808",49.0%,+/-1.5,"37,205","+/-1,827",65.0%,+/-1.7,"30,970","+/-1,608",67.5%,+/-2.0,"43,810","+/-2,405",63.3%,+/-1.9,"31,063","+/-1,794",53.6%,+/-1.7,"26,382","+/-1,683",45.0%,+/-1.9,"40,692","+/-2,056",61.7%,+/-1.8,"30,458","+/-1,592",49.3%,+/-1.8,"49,727","+/-2,097",61.8%,+/-1.5,"20,894","+/-1,548",53.3%,+/-2.7,
      Walked  ,"10,125",+/-868,13.3%,+/-1.1,"5,153",+/-792,8.1%,+/-1.2,"4,792",+/-664,9.0%,+/-1.2,"6,058",+/-674,9.2%,+/-1.0,"5,710",+/-679,8.6%,+/-1.0,"3,086",+/-522,5.4%,+/-0.9,"2,871",+/-452,6.6%,+/-1.0,"2,357",+/-497,4.3%,+/-0.9,"3,122",+/-454,3.4%,+/-0.5,"2,426",+/-520,4.2%,+/-0.9,"3,805",+/-567,8.3%,+/-1.2,"9,943",+/-981,14.4%,+/-1.3,"5,384",+/-705,9.3%,+/-1.1,"11,678",+/-969,19.9%,+/-1.5,"4,933",+/-581,7.5%,+/-0.9,"5,261",+/-567,8.5%,+/-0.8,"5,796",+/-658,7.2%,+/-0.8,"4,291",+/-807,10.9%,+/-1.9,
      Other means  ,"3,335",+/-629,4.4%,+/-0.8,"2,479",+/-395,3.9%,+/-0.6,"2,042",+/-467,3.8%,+/-0.9,"2,696",+/-425,4.1%,+/-0.6,"2,729",+/-495,4.1%,+/-0.7,"2,516",+/-623,4.4%,+/-1.0,692,+/-200,1.6%,+/-0.5,818,+/-284,1.5%,+/-0.5,868,+/-194,0.9%,+/-0.2,840,+/-224,1.5%,+/-0.4,710,+/-193,1.5%,+/-0.4,"1,909",+/-424,2.8%,+/-0.6,824,+/-250,1.4%,+/-0.4,"1,277",+/-291,2.2%,+/-0.5,"1,297",+/-312,2.0%,+/-0.5,"1,020",+/-252,1.7%,+/-0.4,"1,341",+/-377,1.7%,+/-0.5,631,+/-223,1.6%,+/-0.6,
      Worked at home  ,"5,441",+/-692,7.2%,+/-1.0,"1,501",+/-309,2.4%,+/-0.5,"2,006",+/-460,3.8%,+/-0.9,"5,231",+/-710,8.0%,+/-1.0,"6,176",+/-840,9.3%,+/-1.2,"2,823",+/-470,4.9%,+/-0.8,930,+/-267,2.2%,+/-0.6,"1,002",+/-267,1.8%,+/-0.5,"1,756",+/-324,1.9%,+/-0.3,"1,079",+/-293,1.9%,+/-0.5,"1,990",+/-525,4.3%,+/-1.1,"2,274",+/-468,3.3%,+/-0.7,"1,665",+/-335,2.9%,+/-0.6,"2,868",+/-540,4.9%,+/-0.8,"2,464",+/-564,3.7%,+/-0.8,"2,191",+/-459,3.5%,+/-0.7,"1,528",+/-350,1.9%,+/-0.4,"1,009",+/-410,2.6%,+/-1.0,
  ,,,,,,,,,,,,,,,,,,,,,,,,,,,,,,,,,,,,,,,,,,,,,,,,,,,,,,,,,,,,,,,,,,,,,,,,,
      Mean travel time to work (minutes)  ,32.2,+/-0.6,(X),(X),39.8,+/-0.9,(X),(X),40.8,+/-0.9,(X),(X),34.8,+/-0.7,(X),(X),37.1,+/-0.8,(X),(X),41.7,+/-0.9,(X),(X),46,+/-1.2,(X),(X),43.8,+/-1.1,(X),(X),45.8,+/-0.7,(X),(X),44.4,+/-1.1,(X),(X),42.3,+/-1.2,(X),(X),42.7,+/-0.9,(X),(X),43,+/-0.9,(X),(X),36.8,+/-1.1,(X),(X),40.5,+/-0.7,(X),(X),42.7,+/-0.9,(X),(X),45.7,+/-0.8,(X),(X),44.4,+/-1.5,(X),(X),
  ,,,,,,,,,,,,,,,,,,,,,,,,,,,,,,,,,,,,,,,,,,,,,,,,,,,,,,,,,,,,,,,,,,,,,,,,,
OCCUPATION  ,,,,,,,,,,,,,,,,,,,,,,,,,,,,,,,,,,,,,,,,,,,,,,,,,,,,,,,,,,,,,,,,,,,,,,,,,
    Civilian employed population 16 years and over  ,"76,766","+/-2,465","76,766",(X),"64,467","+/-2,694","64,467",(X),"54,784","+/-2,238","54,784",(X),"66,938","+/-2,576","66,938",(X),"67,323","+/-2,292","67,323",(X),"58,196","+/-2,680","58,196",(X),"44,263","+/-2,280","44,263",(X),"55,780","+/-2,400","55,780",(X),"93,414","+/-2,483","93,414",(X),"58,645","+/-2,112","58,645",(X),"46,990","+/-1,979","46,990",(X),"71,417","+/-3,216","71,417",(X),"59,425","+/-2,671","59,425",(X),"59,832","+/-2,670","59,832",(X),"67,603","+/-2,419","67,603",(X),"62,893","+/-2,266","62,893",(X),"82,217","+/-2,707","82,217",(X),"40,196","+/-2,308","40,196",(X),
"      Management, business, science, and arts occupations  ","40,189","+/-2,024",52.4%,+/-1.9,"15,838","+/-1,130",24.6%,+/-1.5,"19,147","+/-1,394",34.9%,+/-2.0,"42,305","+/-1,717",63.2%,+/-1.8,"46,534","+/-1,745",69.1%,+/-1.8,"24,199","+/-1,595",41.6%,+/-2.0,"8,633",+/-825,19.5%,+/-1.8,"12,011","+/-1,138",21.5%,+/-1.7,"33,720","+/-1,333",36.1%,+/-1.2,"15,035","+/-1,102",25.6%,+/-1.7,"14,174","+/-1,128",30.2%,+/-1.9,"19,373","+/-1,215",27.1%,+/-1.6,"23,729","+/-1,376",39.9%,+/-1.7,"21,056","+/-1,263",35.2%,+/-1.7,"24,253","+/-1,169",35.9%,+/-1.5,"24,247","+/-1,425",38.6%,+/-1.9,"23,026","+/-1,366",28.0%,+/-1.4,"13,207","+/-1,188",32.9%,+/-2.3,
      Service occupations  ,"11,905","+/-1,162",15.5%,+/-1.4,"20,351","+/-1,554",31.6%,+/-1.9,"13,447","+/-1,017",24.5%,+/-1.8,"8,634",+/-900,12.9%,+/-1.1,"6,757",+/-933,10.0%,+/-1.2,"13,869","+/-1,155",23.8%,+/-1.5,"16,405","+/-1,286",37.1%,+/-2.1,"19,162","+/-1,415",34.4%,+/-2.0,"23,476","+/-1,219",25.1%,+/-1.0,"21,135","+/-1,194",36.0%,+/-1.5,"16,015","+/-1,097",34.1%,+/-2.1,"22,410","+/-1,738",31.4%,+/-1.7,"12,462","+/-1,245",21.0%,+/-1.7,"12,303","+/-1,299",20.6%,+/-1.7,"18,816","+/-1,443",27.8%,+/-1.8,"11,904",+/-935,18.9%,+/-1.3,"21,093","+/-1,572",25.7%,+/-1.8,"10,985","+/-1,107",27.3%,+/-2.1,
      Sales and office occupations  ,"16,985","+/-1,057",22.1%,+/-1.4,"13,936","+/-1,207",21.6%,+/-1.6,"15,058","+/-1,183",27.5%,+/-1.7,"12,369","+/-1,047",18.5%,+/-1.3,"10,737","+/-1,044",15.9%,+/-1.4,"12,645","+/-1,009",21.7%,+/-1.6,"11,256","+/-1,048",25.4%,+/-1.9,"13,206",+/-919,23.7%,+/-1.6,"21,393","+/-1,030",22.9%,+/-0.9,"13,123",+/-901,22.4%,+/-1.4,"10,542",+/-894,22.4%,+/-1.7,"14,004","+/-1,280",19.6%,+/-1.6,"14,186","+/-1,053",23.9%,+/-1.4,"16,974",+/-983,28.4%,+/-1.6,"14,530","+/-1,092",21.5%,+/-1.4,"16,746","+/-1,261",26.6%,+/-1.7,"19,750","+/-1,336",24.0%,+/-1.4,"8,487",+/-852,21.1%,+/-1.8,
"      Natural resources, construction, and maintenance occupations  ","3,757",+/-731,4.9%,+/-0.9,"6,247",+/-878,9.7%,+/-1.3,"2,764",+/-502,5.0%,+/-0.9,"1,317",+/-343,2.0%,+/-0.5,"1,213",+/-370,1.8%,+/-0.6,"2,871",+/-553,4.9%,+/-0.9,"3,374",+/-555,7.6%,+/-1.2,"4,617",+/-769,8.3%,+/-1.3,"6,153",+/-631,6.6%,+/-0.7,"4,824",+/-650,8.2%,+/-1.1,"2,810",+/-639,6.0%,+/-1.3,"6,376",+/-881,8.9%,+/-1.1,"4,112",+/-551,6.9%,+/-0.9,"4,330",+/-589,7.2%,+/-0.9,"3,876",+/-610,5.7%,+/-0.9,"4,242",+/-580,6.7%,+/-0.9,"7,472",+/-807,9.1%,+/-0.9,"3,290",+/-648,8.2%,+/-1.5,
"      Production, transportation, and material moving occupations  ","3,930",+/-642,5.1%,+/-0.8,"8,095",+/-847,12.6%,+/-1.3,"4,368",+/-634,8.0%,+/-1.1,"2,313",+/-480,3.5%,+/-0.7,"2,082",+/-419,3.1%,+/-0.6,"4,612",+/-591,7.9%,+/-0.9,"4,595",+/-627,10.4%,+/-1.3,"6,784",+/-670,12.2%,+/-1.1,"8,672",+/-727,9.3%,+/-0.8,"4,528",+/-655,7.7%,+/-1.0,"3,449",+/-582,7.3%,+/-1.2,"9,254","+/-1,023",13.0%,+/-1.3,"4,936",+/-664,8.3%,+/-1.0,"5,169",+/-787,8.6%,+/-1.2,"6,128",+/-810,9.1%,+/-1.1,"5,754",+/-596,9.1%,+/-0.9,"10,876",+/-863,13.2%,+/-0.9,"4,227",+/-628,10.5%,+/-1.5,
  ,,,,,,,,,,,,,,,,,,,,,,,,,,,,,,,,,,,,,,,,,,,,,,,,,,,,,,,,,,,,,,,,,,,,,,,,,
INDUSTRY  ,,,,,,,,,,,,,,,,,,,,,,,,,,,,,,,,,,,,,,,,,,,,,,,,,,,,,,,,,,,,,,,,,,,,,,,,,
    Civilian employed population 16 years and over  ,"76,766","+/-2,465","76,766",(X),"64,467","+/-2,694","64,467",(X),"54,784","+/-2,238","54,784",(X),"66,938","+/-2,576","66,938",(X),"67,323","+/-2,292","67,323",(X),"58,196","+/-2,680","58,196",(X),"44,263","+/-2,280","44,263",(X),"55,780","+/-2,400","55,780",(X),"93,414","+/-2,483","93,414",(X),"58,645","+/-2,112","58,645",(X),"46,990","+/-1,979","46,990",(X),"71,417","+/-3,216","71,417",(X),"59,425","+/-2,671","59,425",(X),"59,832","+/-2,670","59,832",(X),"67,603","+/-2,419","67,603",(X),"62,893","+/-2,266","62,893",(X),"82,217","+/-2,707","82,217",(X),"40,196","+/-2,308","40,196",(X),
"      Agriculture, forestry, fishing and hunting, and mining  ",106,+/-81,0.1%,+/-0.1,29,+/-47,0.0%,+/-0.1,92,+/-113,0.2%,+/-0.2,62,+/-50,0.1%,+/-0.1,43,+/-69,0.1%,+/-0.1,86,+/-70,0.1%,+/-0.1,61,+/-71,0.1%,+/-0.2,35,+/-57,0.1%,+/-0.1,39,+/-39,0.0%,+/-0.1,0,+/-110,0.0%,+/-0.1,19,+/-30,0.0%,+/-0.1,92,+/-66,0.1%,+/-0.1,105,+/-88,0.2%,+/-0.1,8,+/-13,0.0%,+/-0.1,8,+/-12,0.0%,+/-0.1,97,+/-72,0.2%,+/-0.1,34,+/-32,0.0%,+/-0.1,0,+/-110,0.0%,+/-0.1,
      Construction  ,"3,632",+/-719,4.7%,+/-0.9,"5,738",+/-891,8.9%,+/-1.3,"2,048",+/-455,3.7%,+/-0.8,"1,211",+/-318,1.8%,+/-0.5,"1,005",+/-289,1.5%,+/-0.4,"2,113",+/-491,3.6%,+/-0.8,"1,995",+/-454,4.5%,+/-1.0,"3,409",+/-661,6.1%,+/-1.1,"3,787",+/-479,4.1%,+/-0.5,"3,160",+/-546,5.4%,+/-0.9,"1,871",+/-476,4.0%,+/-1.0,"5,453",+/-831,7.6%,+/-1.0,"3,523",+/-494,5.9%,+/-0.8,"4,263",+/-701,7.1%,+/-1.1,"3,344",+/-671,4.9%,+/-1.0,"3,608",+/-613,5.7%,+/-1.0,"6,066",+/-849,7.4%,+/-1.0,"2,321",+/-629,5.8%,+/-1.5,
      Manufacturing  ,"3,762",+/-556,4.9%,+/-0.7,"3,838",+/-624,6.0%,+/-0.9,"2,143",+/-392,3.9%,+/-0.7,"2,198",+/-417,3.3%,+/-0.6,"2,050",+/-410,3.0%,+/-0.6,"1,576",+/-433,2.7%,+/-0.7,"1,059",+/-365,2.4%,+/-0.8,"2,114",+/-388,3.8%,+/-0.7,"2,301",+/-420,2.5%,+/-0.5,"1,235",+/-286,2.1%,+/-0.5,"1,473",+/-393,3.1%,+/-0.8,"5,509",+/-774,7.7%,+/-1.0,"2,915",+/-514,4.9%,+/-0.8,"3,071",+/-495,5.1%,+/-0.8,"2,358",+/-557,3.5%,+/-0.8,"3,008",+/-375,4.8%,+/-0.6,"5,182",+/-636,6.3%,+/-0.7,"2,040",+/-494,5.1%,+/-1.2,
      Wholesale trade  ,"2,228",+/-421,2.9%,+/-0.6,"1,589",+/-361,2.5%,+/-0.5,"1,134",+/-319,2.1%,+/-0.6,689,+/-217,1.0%,+/-0.3,"1,178",+/-282,1.7%,+/-0.4,"1,134",+/-319,1.9%,+/-0.5,362,+/-153,0.8%,+/-0.3,797,+/-220,1.4%,+/-0.4,"1,182",+/-244,1.3%,+/-0.3,459,+/-157,0.8%,+/-0.3,643,+/-228,1.4%,+/-0.5,"2,289",+/-457,3.2%,+/-0.6,"1,324",+/-271,2.2%,+/-0.4,"2,850",+/-495,4.8%,+/-0.8,"1,806",+/-362,2.7%,+/-0.5,"2,688",+/-429,4.3%,+/-0.7,"2,415",+/-413,2.9%,+/-0.5,"1,233",+/-401,3.1%,+/-1.0,
      Retail trade  ,"7,645",+/-836,10.0%,+/-1.1,"7,953",+/-935,12.3%,+/-1.4,"6,175",+/-767,11.3%,+/-1.2,"4,869",+/-639,7.3%,+/-0.9,"4,563",+/-706,6.8%,+/-1.0,"4,647",+/-615,8.0%,+/-1.0,"5,125",+/-762,11.6%,+/-1.5,"6,219",+/-649,11.1%,+/-1.1,"8,457",+/-682,9.1%,+/-0.6,"5,417",+/-569,9.2%,+/-0.9,"3,771",+/-557,8.0%,+/-1.2,"6,903",+/-869,9.7%,+/-1.1,"6,025",+/-663,10.1%,+/-1.0,"7,537",+/-764,12.6%,+/-1.2,"6,122",+/-762,9.1%,+/-1.0,"6,859",+/-785,10.9%,+/-1.1,"8,918",+/-998,10.8%,+/-1.1,"3,665",+/-640,9.1%,+/-1.4,
"      Transportation and warehousing, and utilities  ","1,798",+/-429,2.3%,+/-0.6,"3,914",+/-629,6.1%,+/-1.0,"3,749",+/-564,6.8%,+/-1.0,"1,775",+/-357,2.7%,+/-0.5,975,+/-280,1.4%,+/-0.4,"3,973",+/-672,6.8%,+/-1.1,"4,329",+/-489,9.8%,+/-1.1,"4,777",+/-573,8.6%,+/-1.1,"9,030",+/-801,9.7%,+/-0.8,"5,037",+/-607,8.6%,+/-1.0,"3,177",+/-474,6.8%,+/-1.0,"2,870",+/-452,4.0%,+/-0.6,"3,185",+/-437,5.4%,+/-0.8,"2,362",+/-459,3.9%,+/-0.7,"4,795",+/-681,7.1%,+/-1.0,"4,392",+/-621,7.0%,+/-1.0,"5,892",+/-831,7.2%,+/-1.0,"3,091",+/-442,7.7%,+/-1.1,
      Information  ,"7,375",+/-763,9.6%,+/-1.0,"2,369",+/-404,3.7%,+/-0.6,"1,646",+/-359,3.0%,+/-0.7,"5,816",+/-630,8.7%,+/-0.9,"6,685",+/-668,9.9%,+/-0.9,"3,510",+/-449,6.0%,+/-0.7,547,+/-222,1.2%,+/-0.5,"1,132",+/-374,2.0%,+/-0.7,"2,074",+/-315,2.2%,+/-0.3,957,+/-225,1.6%,+/-0.4,"1,813",+/-422,3.9%,+/-0.9,"2,418",+/-420,3.4%,+/-0.6,"1,474",+/-273,2.5%,+/-0.4,"1,445",+/-373,2.4%,+/-0.6,"1,955",+/-397,2.9%,+/-0.6,"1,308",+/-267,2.1%,+/-0.4,"1,481",+/-261,1.8%,+/-0.3,629,+/-253,1.6%,+/-0.6,
"      Finance and insurance, and real estate and rental and leasing  ","5,727",+/-709,7.5%,+/-0.9,"2,722",+/-446,4.2%,+/-0.7,"3,845",+/-498,7.0%,+/-0.9,"7,685",+/-931,11.5%,+/-1.2,"7,502",+/-859,11.1%,+/-1.2,"4,257",+/-773,7.3%,+/-1.3,"2,581",+/-478,5.8%,+/-1.1,"3,673",+/-583,6.6%,+/-1.0,"7,150",+/-649,7.7%,+/-0.7,"3,393",+/-498,5.8%,+/-0.8,"3,166",+/-578,6.7%,+/-1.2,"3,686",+/-522,5.2%,+/-0.7,"6,685",+/-755,11.2%,+/-1.1,"3,941",+/-528,6.6%,+/-0.9,"5,521",+/-717,8.2%,+/-1.0,"6,480",+/-611,10.3%,+/-1.0,"6,675",+/-762,8.1%,+/-0.8,"3,362",+/-545,8.4%,+/-1.3,
"      Professional, scientific, and management, and administrative and waste management services  ","14,550","+/-1,281",19.0%,+/-1.5,"6,632",+/-666,10.3%,+/-1.0,"6,611",+/-665,12.1%,+/-1.1,"15,069",+/-976,22.5%,+/-1.4,"14,486","+/-1,248",21.5%,+/-1.7,"7,562",+/-781,13.0%,+/-1.2,"3,852",+/-702,8.7%,+/-1.5,"4,928",+/-659,8.8%,+/-1.1,"8,054",+/-687,8.6%,+/-0.7,"4,299",+/-582,7.3%,+/-0.9,"3,938",+/-572,8.4%,+/-1.1,"7,257",+/-720,10.2%,+/-1.0,"6,854",+/-708,11.5%,+/-1.1,"5,398",+/-680,9.0%,+/-1.0,"7,644",+/-874,11.3%,+/-1.2,"7,174",+/-943,11.4%,+/-1.4,"8,969",+/-753,10.9%,+/-0.9,"3,629",+/-575,9.0%,+/-1.3,
"      Educational services, and health care and social assistance  ","14,329","+/-1,136",18.7%,+/-1.3,"13,633","+/-1,176",21.1%,+/-1.6,"16,591","+/-1,187",30.3%,+/-1.8,"15,228","+/-1,159",22.7%,+/-1.4,"16,032","+/-1,140",23.8%,+/-1.6,"17,870","+/-1,318",30.7%,+/-2.0,"16,180","+/-1,135",36.6%,+/-1.9,"17,109","+/-1,328",30.7%,+/-1.8,"36,181","+/-1,385",38.7%,+/-1.2,"24,752","+/-1,315",42.2%,+/-1.6,"17,507","+/-1,270",37.3%,+/-2.1,"12,981",+/-872,18.2%,+/-1.2,"14,075",+/-952,23.7%,+/-1.5,"18,647","+/-1,194",31.2%,+/-1.6,"22,602","+/-1,268",33.4%,+/-1.6,"18,037","+/-1,300",28.7%,+/-1.7,"20,237","+/-1,235",24.6%,+/-1.5,"13,403","+/-1,240",33.3%,+/-2.4,
"      Arts, entertainment, and recreation, and accommodation and food services  ","10,607",+/-956,13.8%,+/-1.1,"10,229","+/-1,158",15.9%,+/-1.6,"5,400",+/-692,9.9%,+/-1.2,"6,813",+/-874,10.2%,+/-1.1,"7,388",+/-785,11.0%,+/-1.1,"5,603",+/-902,9.6%,+/-1.4,"3,074",+/-590,6.9%,+/-1.2,"5,433",+/-701,9.7%,+/-1.2,"5,052",+/-574,5.4%,+/-0.6,"3,257",+/-546,5.6%,+/-0.9,"3,735",+/-505,7.9%,+/-1.1,"14,769","+/-1,335",20.7%,+/-1.5,"6,967","+/-1,072",11.7%,+/-1.5,"5,271",+/-769,8.8%,+/-1.1,"5,343",+/-754,7.9%,+/-1.0,"4,347",+/-649,6.9%,+/-1.0,"9,298",+/-984,11.3%,+/-1.2,"3,043",+/-600,7.6%,+/-1.4,
"      Other services, except public administration  ","3,666",+/-557,4.8%,+/-0.7,"4,294",+/-669,6.7%,+/-1.0,"2,519",+/-433,4.6%,+/-0.7,"2,945",+/-478,4.4%,+/-0.7,"3,331",+/-522,4.9%,+/-0.8,"3,184",+/-534,5.5%,+/-0.9,"2,272",+/-417,5.1%,+/-1.0,"2,878",+/-430,5.2%,+/-0.8,"4,684",+/-606,5.0%,+/-0.6,"4,088",+/-625,7.0%,+/-1.0,"3,336",+/-572,7.1%,+/-1.2,"5,484",+/-812,7.7%,+/-1.0,"3,288",+/-468,5.5%,+/-0.7,"3,693",+/-626,6.2%,+/-1.0,"3,560",+/-534,5.3%,+/-0.8,"2,710",+/-488,4.3%,+/-0.8,"4,537",+/-692,5.5%,+/-0.8,"2,575",+/-545,6.4%,+/-1.3,
      Public administration  ,"1,341",+/-348,1.7%,+/-0.4,"1,527",+/-374,2.4%,+/-0.6,"2,831",+/-488,5.2%,+/-0.9,"2,578",+/-403,3.9%,+/-0.6,"2,085",+/-399,3.1%,+/-0.6,"2,681",+/-393,4.6%,+/-0.7,"2,826",+/-457,6.4%,+/-1.0,"3,276",+/-583,5.9%,+/-1.0,"5,423",+/-494,5.8%,+/-0.5,"2,591",+/-394,4.4%,+/-0.7,"2,541",+/-546,5.4%,+/-1.1,"1,706",+/-396,2.4%,+/-0.5,"3,005",+/-443,5.1%,+/-0.7,"1,346",+/-256,2.2%,+/-0.4,"2,545",+/-431,3.8%,+/-0.6,"2,185",+/-376,3.5%,+/-0.6,"2,513",+/-378,3.1%,+/-0.4,"1,205",+/-297,3.0%,+/-0.7,
  ,,,,,,,,,,,,,,,,,,,,,,,,,,,,,,,,,,,,,,,,,,,,,,,,,,,,,,,,,,,,,,,,,,,,,,,,,
CLASS OF WORKER  ,,,,,,,,,,,,,,,,,,,,,,,,,,,,,,,,,,,,,,,,,,,,,,,,,,,,,,,,,,,,,,,,,,,,,,,,,
    Civilian employed population 16 years and over  ,"76,766","+/-2,465","76,766",(X),"64,467","+/-2,694","64,467",(X),"54,784","+/-2,238","54,784",(X),"66,938","+/-2,576","66,938",(X),"67,323","+/-2,292","67,323",(X),"58,196","+/-2,680","58,196",(X),"44,263","+/-2,280","44,263",(X),"55,780","+/-2,400","55,780",(X),"93,414","+/-2,483","93,414",(X),"58,645","+/-2,112","58,645",(X),"46,990","+/-1,979","46,990",(X),"71,417","+/-3,216","71,417",(X),"59,425","+/-2,671","59,425",(X),"59,832","+/-2,670","59,832",(X),"67,603","+/-2,419","67,603",(X),"62,893","+/-2,266","62,893",(X),"82,217","+/-2,707","82,217",(X),"40,196","+/-2,308","40,196",(X),
      Private wage and salary workers  ,"64,738","+/-2,383",84.3%,+/-1.1,"53,827","+/-2,423",83.5%,+/-1.3,"41,591","+/-1,889",75.9%,+/-1.8,"52,457","+/-2,448",78.4%,+/-1.4,"51,970","+/-2,129",77.2%,+/-1.8,"44,448","+/-2,544",76.4%,+/-1.6,"33,744","+/-2,092",76.2%,+/-1.8,"43,447","+/-2,060",77.9%,+/-1.8,"66,911","+/-2,026",71.6%,+/-1.0,"44,379","+/-1,900",75.7%,+/-1.3,"35,162","+/-1,810",74.8%,+/-2.0,"60,905","+/-2,951",85.3%,+/-1.2,"47,097","+/-2,353",79.3%,+/-1.5,"49,622","+/-2,572",82.9%,+/-1.3,"51,229","+/-2,137",75.8%,+/-1.5,"49,862","+/-1,981",79.3%,+/-1.3,"68,743","+/-2,603",83.6%,+/-1.2,"32,056","+/-2,039",79.7%,+/-1.8,
      Government workers  ,"5,203",+/-674,6.8%,+/-0.8,"6,761",+/-662,10.5%,+/-0.9,"10,222","+/-1,076",18.7%,+/-1.7,"8,314",+/-621,12.4%,+/-0.9,"8,042",+/-953,11.9%,+/-1.4,"9,506",+/-791,16.3%,+/-1.4,"9,058",+/-818,20.5%,+/-1.8,"9,998","+/-1,053",17.9%,+/-1.7,"21,337","+/-1,108",22.8%,+/-1.1,"11,356",+/-843,19.4%,+/-1.3,"8,782",+/-889,18.7%,+/-1.8,"5,512",+/-644,7.7%,+/-0.9,"9,299",+/-869,15.6%,+/-1.3,"5,459",+/-602,9.1%,+/-1.0,"9,911",+/-854,14.7%,+/-1.2,"9,544",+/-775,15.2%,+/-1.1,"9,584",+/-835,11.7%,+/-1.0,"6,194",+/-722,15.4%,+/-1.7,
      Self-employed in own not incorporated business workers  ,"6,699",+/-569,8.7%,+/-0.8,"3,846",+/-596,6.0%,+/-0.9,"2,919",+/-494,5.3%,+/-0.9,"6,155",+/-676,9.2%,+/-1.0,"7,259",+/-819,10.8%,+/-1.2,"4,113",+/-548,7.1%,+/-0.9,"1,446",+/-331,3.3%,+/-0.7,"2,293",+/-439,4.1%,+/-0.8,"5,148",+/-573,5.5%,+/-0.6,"2,900",+/-540,4.9%,+/-0.9,"3,046",+/-565,6.5%,+/-1.2,"4,981",+/-639,7.0%,+/-0.8,"2,916",+/-469,4.9%,+/-0.8,"4,647",+/-560,7.8%,+/-1.0,"6,463",+/-789,9.6%,+/-1.1,"3,441",+/-502,5.5%,+/-0.8,"3,874",+/-600,4.7%,+/-0.7,"1,933",+/-547,4.8%,+/-1.3,
      Unpaid family workers  ,126,+/-98,0.2%,+/-0.1,33,+/-38,0.1%,+/-0.1,52,+/-37,0.1%,+/-0.1,12,+/-19,0.0%,+/-0.1,52,+/-49,0.1%,+/-0.1,129,+/-99,0.2%,+/-0.2,15,+/-23,0.0%,+/-0.1,42,+/-41,0.1%,+/-0.1,18,+/-30,0.0%,+/-0.1,10,+/-15,0.0%,+/-0.1,0,+/-110,0.0%,+/-0.1,19,+/-30,0.0%,+/-0.1,113,+/-101,0.2%,+/-0.2,104,+/-88,0.2%,+/-0.1,0,+/-110,0.0%,+/-0.1,46,+/-44,0.1%,+/-0.1,16,+/-24,0.0%,+/-0.1,13,+/-22,0.0%,+/-0.1,
  ,,,,,,,,,,,,,,,,,,,,,,,,,,,,,,,,,,,,,,,,,,,,,,,,,,,,,,,,,,,,,,,,,,,,,,,,,
INCOME AND BENEFITS (IN 2013 INFLATION-ADJUSTED DOLLARS)  ,,,,,,,,,,,,,,,,,,,,,,,,,,,,,,,,,,,,,,,,,,,,,,,,,,,,,,,,,,,,,,,,,,,,,,,,,
    Total households  ,"60,608","+/-1,477","60,608",(X),"44,787","+/-1,241","44,787",(X),"49,212","+/-1,358","49,212",(X),"53,813","+/-1,456","53,813",(X),"48,185","+/-1,442","48,185",(X),"50,355","+/-1,484","50,355",(X),"42,706","+/-1,314","42,706",(X),"51,081","+/-1,489","51,081",(X),"66,367","+/-1,396","66,367",(X),"46,768","+/-1,298","46,768",(X),"40,043","+/-1,206","40,043",(X),"46,196","+/-1,350","46,196",(X),"49,563","+/-1,523","49,563",(X),"46,080","+/-1,281","46,080",(X),"55,887","+/-1,190","55,887",(X),"56,561","+/-1,376","56,561",(X),"62,922","+/-1,461","62,922",(X),"44,264","+/-1,521","44,264",(X),
"      Less than $10,000  ","6,576",+/-726,10.9%,+/-1.1,"7,251",+/-736,16.2%,+/-1.6,"7,920",+/-642,16.1%,+/-1.3,"4,724",+/-480,8.8%,+/-0.9,"3,264",+/-503,6.8%,+/-1.0,"7,052",+/-712,14.0%,+/-1.4,"9,619",+/-741,22.5%,+/-1.7,"10,176",+/-988,19.9%,+/-1.8,"4,702",+/-569,7.1%,+/-0.8,"4,764",+/-536,10.2%,+/-1.1,"4,804",+/-537,12.0%,+/-1.3,"4,272",+/-542,9.2%,+/-1.1,"3,279",+/-515,6.6%,+/-1.0,"4,354",+/-458,9.4%,+/-1.0,"6,580",+/-675,11.8%,+/-1.2,"5,901",+/-581,10.4%,+/-1.0,"5,426",+/-501,8.6%,+/-0.8,"9,065",+/-847,20.5%,+/-1.7,
"      $10,000 to $14,999  ","4,787",+/-634,7.9%,+/-1.0,"2,941",+/-392,6.6%,+/-0.8,"4,625",+/-560,9.4%,+/-1.1,"3,038",+/-447,5.6%,+/-0.8,"1,532",+/-409,3.2%,+/-0.8,"3,983",+/-514,7.9%,+/-1.0,"4,541",+/-595,10.6%,+/-1.4,"3,616",+/-612,7.1%,+/-1.2,"2,479",+/-431,3.7%,+/-0.6,"2,936",+/-485,6.3%,+/-1.0,"2,862",+/-449,7.1%,+/-1.1,"3,635",+/-487,7.9%,+/-1.0,"2,685",+/-449,5.4%,+/-0.9,"4,134",+/-564,9.0%,+/-1.2,"4,105",+/-677,7.3%,+/-1.2,"3,935",+/-529,7.0%,+/-0.9,"4,521",+/-525,7.2%,+/-0.8,"4,660",+/-673,10.5%,+/-1.5,
"      $15,000 to $24,999  ","7,027",+/-691,11.6%,+/-1.1,"6,096",+/-646,13.6%,+/-1.5,"6,169",+/-709,12.5%,+/-1.3,"4,556",+/-580,8.5%,+/-1.1,"1,981",+/-333,4.1%,+/-0.7,"6,108",+/-674,12.1%,+/-1.3,"5,729",+/-599,13.4%,+/-1.4,"6,544",+/-540,12.8%,+/-1.1,"5,766",+/-578,8.7%,+/-0.8,"5,135",+/-516,11.0%,+/-1.0,"5,074",+/-710,12.7%,+/-1.7,"5,799",+/-637,12.6%,+/-1.3,"5,593",+/-531,11.3%,+/-1.0,"7,728",+/-627,16.8%,+/-1.3,"6,382",+/-687,11.4%,+/-1.2,"6,549",+/-740,11.6%,+/-1.2,"7,528",+/-678,12.0%,+/-1.0,"6,053",+/-744,13.7%,+/-1.6,
"      $25,000 to $34,999  ","5,551",+/-759,9.2%,+/-1.2,"4,626",+/-565,10.3%,+/-1.3,"5,095",+/-606,10.4%,+/-1.2,"3,587",+/-529,6.7%,+/-0.9,"2,058",+/-446,4.3%,+/-0.9,"5,084",+/-671,10.1%,+/-1.3,"4,869",+/-632,11.4%,+/-1.4,"5,725",+/-623,11.2%,+/-1.2,"5,630",+/-667,8.5%,+/-1.0,"5,052",+/-567,10.8%,+/-1.1,"4,570",+/-675,11.4%,+/-1.5,"5,411",+/-540,11.7%,+/-1.1,"4,505",+/-466,9.1%,+/-0.9,"5,463",+/-502,11.9%,+/-1.0,"6,891",+/-790,12.3%,+/-1.3,"5,396",+/-583,9.5%,+/-1.0,"6,007",+/-616,9.5%,+/-1.0,"3,987",+/-581,9.0%,+/-1.2,
"      $35,000 to $49,999  ","5,990",+/-681,9.9%,+/-1.1,"6,001",+/-652,13.4%,+/-1.4,"6,659",+/-724,13.5%,+/-1.4,"4,700",+/-696,8.7%,+/-1.2,"3,859",+/-650,8.0%,+/-1.3,"6,062",+/-732,12.0%,+/-1.4,"5,674",+/-665,13.3%,+/-1.5,"8,094",+/-827,15.8%,+/-1.5,"8,120",+/-703,12.2%,+/-1.0,"7,100",+/-615,15.2%,+/-1.3,"5,987",+/-690,15.0%,+/-1.7,"6,405",+/-667,13.9%,+/-1.4,"5,833",+/-572,11.8%,+/-1.1,"5,541",+/-524,12.0%,+/-1.1,"7,513",+/-726,13.4%,+/-1.3,"6,712",+/-551,11.9%,+/-1.0,"8,607",+/-736,13.7%,+/-1.1,"4,678",+/-610,10.6%,+/-1.3,
"      $50,000 to $74,999  ","9,312",+/-803,15.4%,+/-1.3,"7,815",+/-792,17.4%,+/-1.7,"7,296",+/-831,14.8%,+/-1.6,"6,820",+/-692,12.7%,+/-1.3,"7,084",+/-732,14.7%,+/-1.5,"8,339",+/-756,16.6%,+/-1.4,"5,902",+/-719,13.8%,+/-1.6,"8,225",+/-872,16.1%,+/-1.6,"11,784",+/-802,17.8%,+/-1.1,"9,247",+/-825,19.8%,+/-1.6,"7,476",+/-708,18.7%,+/-1.8,"7,157",+/-631,15.5%,+/-1.3,"8,793",+/-768,17.7%,+/-1.5,"7,164",+/-649,15.5%,+/-1.4,"9,747",+/-811,17.4%,+/-1.5,"9,241",+/-822,16.3%,+/-1.4,"11,896",+/-751,18.9%,+/-1.1,"6,335",+/-577,14.3%,+/-1.3,
"      $75,000 to $99,999  ","6,552",+/-702,10.8%,+/-1.1,"4,298",+/-472,9.6%,+/-1.0,"3,722",+/-470,7.6%,+/-0.9,"6,222",+/-711,11.6%,+/-1.3,"5,531",+/-639,11.5%,+/-1.3,"5,233",+/-628,10.4%,+/-1.2,"2,833",+/-419,6.6%,+/-0.9,"3,696",+/-523,7.2%,+/-1.0,"9,989",+/-622,15.1%,+/-0.9,"5,966",+/-579,12.8%,+/-1.3,"3,903",+/-503,9.7%,+/-1.3,"4,656",+/-565,10.1%,+/-1.2,"5,834",+/-488,11.8%,+/-1.0,"3,931",+/-500,8.5%,+/-1.0,"5,222",+/-603,9.3%,+/-1.1,"5,884",+/-586,10.4%,+/-1.0,"6,936",+/-667,11.0%,+/-1.0,"3,095",+/-416,7.0%,+/-0.9,
"      $100,000 to $149,999  ","8,060",+/-632,13.3%,+/-1.1,"4,160",+/-560,9.3%,+/-1.2,"4,919",+/-590,10.0%,+/-1.2,"8,193",+/-764,15.2%,+/-1.3,"8,281",+/-843,17.2%,+/-1.6,"4,932",+/-622,9.8%,+/-1.2,"2,477",+/-353,5.8%,+/-0.8,"3,533",+/-433,6.9%,+/-0.8,"10,840",+/-628,16.3%,+/-1.0,"4,734",+/-612,10.1%,+/-1.3,"3,577",+/-540,8.9%,+/-1.3,"5,346",+/-575,11.6%,+/-1.2,"6,873",+/-572,13.9%,+/-1.0,"4,398",+/-460,9.5%,+/-1.0,"5,415",+/-508,9.7%,+/-0.9,"7,956",+/-730,14.1%,+/-1.3,"7,265",+/-633,11.5%,+/-1.0,"3,625",+/-488,8.2%,+/-1.1,
"      $150,000 to $199,999  ","3,326",+/-468,5.5%,+/-0.8,"1,004",+/-294,2.2%,+/-0.7,"1,644",+/-367,3.3%,+/-0.8,"4,537",+/-499,8.4%,+/-0.9,"5,399",+/-641,11.2%,+/-1.4,"1,589",+/-308,3.2%,+/-0.6,677,+/-218,1.6%,+/-0.5,942,+/-214,1.8%,+/-0.4,"4,286",+/-481,6.5%,+/-0.7,"1,271",+/-256,2.7%,+/-0.5,945,+/-235,2.4%,+/-0.6,"1,731",+/-343,3.7%,+/-0.7,"3,273",+/-435,6.6%,+/-0.9,"1,992",+/-307,4.3%,+/-0.7,"2,080",+/-374,3.7%,+/-0.7,"2,343",+/-340,4.1%,+/-0.6,"2,873",+/-377,4.6%,+/-0.6,"1,586",+/-393,3.6%,+/-0.9,
"      $200,000 or more  ","3,427",+/-477,5.7%,+/-0.8,595,+/-186,1.3%,+/-0.4,"1,163",+/-272,2.4%,+/-0.5,"7,436",+/-713,13.8%,+/-1.2,"9,196",+/-768,19.1%,+/-1.6,"1,973",+/-336,3.9%,+/-0.6,385,+/-186,0.9%,+/-0.4,530,+/-163,1.0%,+/-0.3,"2,771",+/-333,4.2%,+/-0.5,563,+/-140,1.2%,+/-0.3,845,+/-243,2.1%,+/-0.6,"1,784",+/-321,3.9%,+/-0.7,"2,895",+/-398,5.8%,+/-0.8,"1,375",+/-264,3.0%,+/-0.6,"1,952",+/-259,3.5%,+/-0.5,"2,644",+/-362,4.7%,+/-0.7,"1,863",+/-258,3.0%,+/-0.4,"1,180",+/-309,2.7%,+/-0.7,
      Median household income (dollars)  ,"50,778","+/-2,144",(X),(X),"38,274","+/-2,596",(X),(X),"36,528","+/-1,828",(X),(X),"73,290","+/-3,910",(X),(X),"93,969","+/-4,248",(X),(X),"41,075","+/-1,959",(X),(X),"27,772","+/-1,572",(X),(X),"33,700","+/-2,535",(X),(X),"63,106","+/-1,524",(X),(X),"45,954","+/-1,668",(X),(X),"41,095","+/-1,719",(X),(X),"43,351","+/-1,877",(X),(X),"57,006","+/-2,350",(X),(X),"38,215","+/-2,827",(X),(X),"41,681","+/-1,903",(X),(X),"49,392","+/-2,573",(X),(X),"48,252","+/-2,666",(X),(X),"30,159","+/-2,244",(X),(X),
      Mean household income (dollars)  ,"72,434","+/-2,803",(X),(X),"51,611","+/-2,108",(X),(X),"54,150","+/-2,523",(X),(X),"107,475","+/-4,759",(X),(X),"133,985","+/-6,649",(X),(X),"60,324","+/-2,405",(X),(X),"41,202","+/-2,212",(X),(X),"44,776","+/-1,723",(X),(X),"76,723","+/-1,612",(X),(X),"56,524","+/-1,512",(X),(X),"54,814","+/-2,521",(X),(X),"62,818","+/-2,332",(X),(X),"79,280","+/-3,019",(X),(X),"58,907","+/-2,229",(X),(X),"60,687","+/-1,849",(X),(X),"69,194","+/-2,403",(X),(X),"64,763","+/-2,042",(X),(X),"53,116","+/-3,422",(X),(X),
  ,,,,,,,,,,,,,,,,,,,,,,,,,,,,,,,,,,,,,,,,,,,,,,,,,,,,,,,,,,,,,,,,,,,,,,,,,
      With earnings  ,"49,263","+/-1,481",81.3%,+/-1.4,"34,628","+/-1,173",77.3%,+/-1.6,"36,175","+/-1,257",73.5%,+/-1.7,"43,977","+/-1,453",81.7%,+/-1.2,"41,749","+/-1,313",86.6%,+/-1.5,"38,242","+/-1,547",75.9%,+/-1.8,"29,567","+/-1,282",69.2%,+/-1.8,"35,998","+/-1,253",70.5%,+/-1.8,"55,027","+/-1,336",82.9%,+/-1.1,"37,120","+/-1,246",79.4%,+/-1.6,"31,440","+/-1,258",78.5%,+/-1.8,"38,518","+/-1,309",83.4%,+/-1.4,"38,996","+/-1,475",78.7%,+/-1.5,"36,653","+/-1,288",79.5%,+/-1.3,"44,478","+/-1,267",79.6%,+/-1.5,"40,855","+/-1,386",72.2%,+/-1.5,"48,249","+/-1,417",76.7%,+/-1.3,"26,507","+/-1,303",59.9%,+/-2.1,
        Mean earnings (dollars)  ,"81,352","+/-3,373",(X),(X),"58,544","+/-2,550",(X),(X),"62,079","+/-3,284",(X),(X),"116,231","+/-5,370",(X),(X),"137,019","+/-6,332",(X),(X),"68,792","+/-2,990",(X),(X),"49,249","+/-2,793",(X),(X),"53,800","+/-2,121",(X),(X),"78,456","+/-1,556",(X),(X),"59,012","+/-1,771",(X),(X),"58,597","+/-3,072",(X),(X),"66,605","+/-2,528",(X),(X),"84,090","+/-3,327",(X),(X),"61,122","+/-2,162",(X),(X),"64,991","+/-2,100",(X),(X),"78,574","+/-2,742",(X),(X),"70,593","+/-2,373",(X),(X),"70,889","+/-5,181",(X),(X),
      With Social Security  ,"11,091",+/-901,18.3%,+/-1.4,"7,839",+/-681,17.5%,+/-1.4,"10,997",+/-845,22.3%,+/-1.5,"10,326",+/-683,19.2%,+/-1.2,"7,772",+/-878,16.1%,+/-1.7,"10,668",+/-819,21.2%,+/-1.5,"8,912",+/-637,20.9%,+/-1.4,"9,996",+/-836,19.6%,+/-1.6,"17,628",+/-850,26.6%,+/-1.2,"12,442",+/-751,26.6%,+/-1.5,"9,775",+/-768,24.4%,+/-1.8,"8,677",+/-648,18.8%,+/-1.4,"13,943",+/-717,28.1%,+/-1.3,"11,172",+/-609,24.2%,+/-1.3,"11,936",+/-751,21.4%,+/-1.4,"16,004",+/-850,28.3%,+/-1.5,"17,689",+/-762,28.1%,+/-1.2,"13,253",+/-910,29.9%,+/-2.0,
        Mean Social Security income (dollars)  ,"13,048",+/-583,(X),(X),"11,564",+/-557,(X),(X),"12,371",+/-584,(X),(X),"15,678",+/-675,(X),(X),"17,103",+/-991,(X),(X),"13,064",+/-587,(X),(X),"12,005",+/-529,(X),(X),"13,274",+/-566,(X),(X),"16,292",+/-490,(X),(X),"15,712",+/-657,(X),(X),"14,875",+/-778,(X),(X),"13,685",+/-675,(X),(X),"16,694",+/-586,(X),(X),"16,391",+/-594,(X),(X),"15,287",+/-741,(X),(X),"16,278",+/-463,(X),(X),"15,102",+/-466,(X),(X),"13,564",+/-644,(X),(X),
      With retirement income  ,"3,253",+/-435,5.4%,+/-0.7,"2,682",+/-404,6.0%,+/-0.9,"5,307",+/-542,10.8%,+/-1.0,"5,530",+/-654,10.3%,+/-1.2,"4,675",+/-610,9.7%,+/-1.2,"4,565",+/-452,9.1%,+/-0.9,"3,834",+/-436,9.0%,+/-1.0,"4,664",+/-498,9.1%,+/-1.0,"10,054",+/-606,15.1%,+/-0.9,"6,112",+/-562,13.1%,+/-1.2,"4,298",+/-471,10.7%,+/-1.2,"3,625",+/-420,7.8%,+/-0.9,"7,254",+/-568,14.6%,+/-1.1,"3,683",+/-367,8.0%,+/-0.8,"5,326",+/-563,9.5%,+/-1.0,"8,034",+/-600,14.2%,+/-1.1,"7,053",+/-561,11.2%,+/-0.9,"5,011",+/-584,11.3%,+/-1.4,
        Mean retirement income (dollars)  ,"16,776","+/-2,173",(X),(X),"11,819","+/-1,875",(X),(X),"19,360","+/-4,603",(X),(X),"28,150","+/-4,417",(X),(X),"28,222","+/-3,997",(X),(X),"20,020","+/-3,950",(X),(X),"21,026","+/-6,697",(X),(X),"17,978","+/-1,946",(X),(X),"21,949","+/-1,539",(X),(X),"19,200","+/-1,601",(X),(X),"18,422","+/-2,329",(X),(X),"19,361","+/-2,829",(X),(X),"25,757","+/-2,498",(X),(X),"21,504","+/-2,133",(X),(X),"22,858","+/-2,563",(X),(X),"26,576","+/-2,392",(X),(X),"20,014","+/-4,302",(X),(X),"21,459","+/-2,900",(X),(X),
  ,,,,,,,,,,,,,,,,,,,,,,,,,,,,,,,,,,,,,,,,,,,,,,,,,,,,,,,,,,,,,,,,,,,,,,,,,
      With Supplemental Security Income  ,"3,622",+/-554,6.0%,+/-0.9,"5,832",+/-651,13.0%,+/-1.4,"5,794",+/-642,11.8%,+/-1.3,"3,811",+/-508,7.1%,+/-0.9,"1,985",+/-412,4.1%,+/-0.8,"3,722",+/-443,7.4%,+/-0.9,"4,740",+/-524,11.1%,+/-1.2,"5,030",+/-685,9.8%,+/-1.3,"4,470",+/-513,6.7%,+/-0.8,"2,795",+/-447,6.0%,+/-0.9,"3,061",+/-487,7.6%,+/-1.2,"3,131",+/-400,6.8%,+/-0.8,"2,493",+/-412,5.0%,+/-0.8,"3,166",+/-366,6.9%,+/-0.8,"5,020",+/-587,9.0%,+/-1.1,"4,846",+/-611,8.6%,+/-1.1,"6,055",+/-571,9.6%,+/-0.9,"9,804",+/-928,22.1%,+/-1.9,
        Mean Supplemental Security Income (dollars)  ,"8,109",+/-569,(X),(X),"8,516",+/-466,(X),(X),"8,665",+/-446,(X),(X),"8,706",+/-661,(X),(X),"8,352",+/-884,(X),(X),"8,245",+/-477,(X),(X),"8,644",+/-589,(X),(X),"9,194",+/-497,(X),(X),"9,474",+/-678,(X),(X),"8,812",+/-759,(X),(X),"9,631","+/-1,043",(X),(X),"8,883",+/-646,(X),(X),"10,709","+/-1,036",(X),(X),"9,130",+/-483,(X),(X),"9,291",+/-555,(X),(X),"9,739",+/-526,(X),(X),"8,800",+/-492,(X),(X),"9,396",+/-355,(X),(X),
      With cash public assistance income  ,"1,939",+/-358,3.2%,+/-0.6,"2,278",+/-415,5.1%,+/-0.9,"3,220",+/-471,6.5%,+/-1.0,"1,703",+/-321,3.2%,+/-0.6,777,+/-273,1.6%,+/-0.6,"3,210",+/-539,6.4%,+/-1.1,"3,605",+/-438,8.4%,+/-1.0,"3,642",+/-506,7.1%,+/-1.0,"2,063",+/-332,3.1%,+/-0.5,"2,238",+/-405,4.8%,+/-0.8,"1,901",+/-390,4.7%,+/-1.0,"1,981",+/-370,4.3%,+/-0.8,"1,594",+/-352,3.2%,+/-0.7,"2,359",+/-433,5.1%,+/-0.9,"2,518",+/-464,4.5%,+/-0.8,"1,480",+/-292,2.6%,+/-0.5,"2,382",+/-332,3.8%,+/-0.5,"1,626",+/-333,3.7%,+/-0.7,
        Mean cash public assistance income (dollars)  ,"4,253",+/-590,(X),(X),"3,563",+/-637,(X),(X),"3,826",+/-686,(X),(X),"5,679","+/-1,184",(X),(X),"2,940",+/-867,(X),(X),"3,469",+/-639,(X),(X),"4,049",+/-673,(X),(X),"5,979","+/-1,392",(X),(X),"3,581",+/-740,(X),(X),"3,821",+/-624,(X),(X),"3,591",+/-745,(X),(X),"6,122","+/-1,003",(X),(X),"3,428",+/-524,(X),(X),"7,269","+/-1,144",(X),(X),"5,056","+/-1,084",(X),(X),"3,577",+/-768,(X),(X),"3,600",+/-691,(X),(X),"3,873",+/-814,(X),(X),
      With Food Stamp/SNAP benefits in the past 12 months  ,"13,355",+/-982,22.0%,+/-1.4,"17,316","+/-1,004",38.7%,+/-2.1,"17,762",+/-845,36.1%,+/-1.5,"8,327",+/-635,15.5%,+/-1.1,"3,965",+/-431,8.2%,+/-0.8,"13,030","+/-1,061",25.9%,+/-2.1,"17,973",+/-983,42.1%,+/-1.8,"15,159",+/-992,29.7%,+/-2.0,"10,517",+/-725,15.8%,+/-1.0,"10,107",+/-785,21.6%,+/-1.4,"9,968",+/-719,24.9%,+/-1.7,"12,933",+/-871,28.0%,+/-1.6,"6,912",+/-703,13.9%,+/-1.3,"12,851",+/-853,27.9%,+/-1.7,"15,099",+/-925,27.0%,+/-1.6,"10,203",+/-836,18.0%,+/-1.4,"13,280",+/-890,21.1%,+/-1.3,"15,852",+/-936,35.8%,+/-1.8,
  ,,,,,,,,,,,,,,,,,,,,,,,,,,,,,,,,,,,,,,,,,,,,,,,,,,,,,,,,,,,,,,,,,,,,,,,,,
    Families  ,"29,123","+/-1,326","29,123",(X),"28,882","+/-1,165","28,882",(X),"28,383","+/-1,169","28,383",(X),"25,760","+/-1,258","25,760",(X),"25,816","+/-1,212","25,816",(X),"25,629","+/-1,160","25,629",(X),"29,746","+/-1,245","29,746",(X),"35,566","+/-1,271","35,566",(X),"49,877","+/-1,271","49,877",(X),"32,218","+/-1,249","32,218",(X),"24,924","+/-1,119","24,924",(X),"32,714","+/-1,162","32,714",(X),"30,299","+/-1,303","30,299",(X),"33,760","+/-1,242","33,760",(X),"35,055","+/-1,176","35,055",(X),"37,877","+/-1,383","37,877",(X),"45,420","+/-1,387","45,420",(X),"25,080","+/-1,320","25,080",(X),
"      Less than $10,000  ","2,297",+/-454,7.9%,+/-1.5,"3,213",+/-493,11.1%,+/-1.7,"3,664",+/-450,12.9%,+/-1.5,"1,412",+/-294,5.5%,+/-1.1,948,+/-315,3.7%,+/-1.2,"3,261",+/-541,12.7%,+/-2.1,"5,806",+/-669,19.5%,+/-2.0,"5,546",+/-724,15.6%,+/-1.9,"2,163",+/-355,4.3%,+/-0.7,"2,001",+/-349,6.2%,+/-1.0,"1,940",+/-412,7.8%,+/-1.6,"2,470",+/-448,7.6%,+/-1.3,"1,021",+/-275,3.4%,+/-0.9,"1,990",+/-314,5.9%,+/-0.9,"2,157",+/-413,6.2%,+/-1.2,"1,985",+/-441,5.2%,+/-1.1,"2,318",+/-388,5.1%,+/-0.8,"1,524",+/-360,6.1%,+/-1.4,
"      $10,000 to $14,999  ","2,642",+/-413,9.1%,+/-1.3,"1,999",+/-374,6.9%,+/-1.3,"2,471",+/-343,8.7%,+/-1.2,"1,524",+/-319,5.9%,+/-1.2,693,+/-272,2.7%,+/-1.0,"1,735",+/-351,6.8%,+/-1.3,"2,681",+/-522,9.0%,+/-1.7,"2,282",+/-538,6.4%,+/-1.5,"1,162",+/-289,2.3%,+/-0.6,"1,632",+/-319,5.1%,+/-0.9,"1,212",+/-324,4.9%,+/-1.3,"2,519",+/-423,7.7%,+/-1.3,"1,175",+/-299,3.9%,+/-1.0,"2,664",+/-413,7.9%,+/-1.2,"2,271",+/-404,6.5%,+/-1.2,"1,939",+/-348,5.1%,+/-0.9,"2,600",+/-373,5.7%,+/-0.8,"2,621",+/-444,10.5%,+/-1.6,
"      $15,000 to $24,999  ","4,520",+/-567,15.5%,+/-1.8,"4,739",+/-607,16.4%,+/-2.0,"3,498",+/-501,12.3%,+/-1.7,"2,238",+/-371,8.7%,+/-1.5,935,+/-241,3.6%,+/-0.9,"2,923",+/-450,11.4%,+/-1.6,"3,987",+/-496,13.4%,+/-1.7,"4,511",+/-499,12.7%,+/-1.5,"3,397",+/-430,6.8%,+/-0.8,"3,288",+/-455,10.2%,+/-1.3,"2,892",+/-431,11.6%,+/-1.7,"4,945",+/-638,15.1%,+/-1.8,"3,164",+/-447,10.4%,+/-1.4,"5,461",+/-532,16.2%,+/-1.4,"3,757",+/-613,10.7%,+/-1.7,"3,870",+/-527,10.2%,+/-1.3,"4,800",+/-502,10.6%,+/-1.0,"3,344",+/-618,13.3%,+/-2.2,
"      $25,000 to $34,999  ","3,669",+/-609,12.6%,+/-1.9,"3,640",+/-456,12.6%,+/-1.6,"3,129",+/-463,11.0%,+/-1.5,"1,522",+/-366,5.9%,+/-1.4,"1,064",+/-285,4.1%,+/-1.1,"2,521",+/-461,9.8%,+/-1.7,"3,634",+/-504,12.2%,+/-1.5,"3,930",+/-503,11.0%,+/-1.3,"3,888",+/-523,7.8%,+/-1.0,"3,348",+/-489,10.4%,+/-1.5,"2,728",+/-545,10.9%,+/-2.1,"4,106",+/-509,12.6%,+/-1.5,"2,696",+/-383,8.9%,+/-1.2,"4,548",+/-450,13.5%,+/-1.2,"4,507",+/-592,12.9%,+/-1.6,"3,220",+/-490,8.5%,+/-1.2,"4,357",+/-455,9.6%,+/-1.0,"2,472",+/-523,9.9%,+/-2.0,
"      $35,000 to $49,999  ","3,007",+/-486,10.3%,+/-1.6,"4,242",+/-587,14.7%,+/-1.9,"3,728",+/-502,13.1%,+/-1.6,"2,069",+/-414,8.0%,+/-1.5,"1,795",+/-445,7.0%,+/-1.7,"3,184",+/-499,12.4%,+/-1.8,"3,938",+/-558,13.2%,+/-1.8,"5,586",+/-635,15.7%,+/-1.7,"6,242",+/-703,12.5%,+/-1.3,"4,530",+/-496,14.1%,+/-1.4,"3,817",+/-493,15.3%,+/-1.9,"4,775",+/-553,14.6%,+/-1.6,"3,460",+/-495,11.4%,+/-1.5,"4,235",+/-466,12.5%,+/-1.3,"4,817",+/-659,13.7%,+/-1.8,"4,611",+/-550,12.2%,+/-1.4,"6,359",+/-595,14.0%,+/-1.3,"2,981",+/-478,11.9%,+/-1.9,
"      $50,000 to $74,999  ","4,072",+/-615,14.0%,+/-1.9,"5,451",+/-643,18.9%,+/-2.1,"4,441",+/-588,15.6%,+/-2.0,"3,016",+/-464,11.7%,+/-1.7,"3,097",+/-530,12.0%,+/-1.9,"4,388",+/-590,17.1%,+/-2.1,"4,386",+/-616,14.7%,+/-2.0,"6,561",+/-871,18.4%,+/-2.1,"8,862",+/-695,17.8%,+/-1.3,"6,652",+/-694,20.6%,+/-2.0,"5,222",+/-690,21.0%,+/-2.6,"4,869",+/-486,14.9%,+/-1.5,"5,553",+/-634,18.3%,+/-1.8,"5,234",+/-501,15.5%,+/-1.4,"6,439",+/-691,18.4%,+/-1.8,"6,219",+/-605,16.4%,+/-1.5,"9,019",+/-623,19.9%,+/-1.2,"4,326",+/-551,17.2%,+/-2.0,
"      $75,000 to $99,999  ","2,255",+/-393,7.7%,+/-1.3,"2,377",+/-375,8.2%,+/-1.2,"2,279",+/-372,8.0%,+/-1.3,"2,371",+/-383,9.2%,+/-1.5,"2,387",+/-423,9.2%,+/-1.5,"2,828",+/-421,11.0%,+/-1.6,"2,381",+/-350,8.0%,+/-1.1,"2,942",+/-431,8.3%,+/-1.2,"8,171",+/-628,16.4%,+/-1.2,"5,043",+/-537,15.7%,+/-1.7,"3,011",+/-473,12.1%,+/-1.8,"2,992",+/-441,9.1%,+/-1.3,"3,244",+/-402,10.7%,+/-1.3,"2,954",+/-439,8.8%,+/-1.2,"3,620",+/-479,10.3%,+/-1.4,"4,324",+/-518,11.4%,+/-1.2,"5,581",+/-597,12.3%,+/-1.3,"2,289",+/-381,9.1%,+/-1.4,
"      $100,000 to $149,999  ","3,786",+/-510,13.0%,+/-1.9,"2,338",+/-374,8.1%,+/-1.3,"3,075",+/-455,10.8%,+/-1.5,"3,782",+/-530,14.7%,+/-1.9,"4,561",+/-630,17.7%,+/-2.2,"2,372",+/-476,9.3%,+/-1.8,"1,982",+/-281,6.7%,+/-1.0,"2,973",+/-387,8.4%,+/-1.1,"9,543",+/-643,19.1%,+/-1.3,"4,139",+/-568,12.8%,+/-1.7,"2,721",+/-458,10.9%,+/-1.8,"3,256",+/-415,10.0%,+/-1.2,"4,745",+/-453,15.7%,+/-1.3,"3,740",+/-447,11.1%,+/-1.3,"4,087",+/-459,11.7%,+/-1.3,"7,088",+/-662,18.7%,+/-1.8,"6,277",+/-608,13.8%,+/-1.2,"3,170",+/-469,12.6%,+/-1.8,
"      $150,000 to $199,999  ","1,355",+/-292,4.7%,+/-1.0,506,+/-183,1.8%,+/-0.6,"1,110",+/-281,3.9%,+/-1.0,"2,622",+/-393,10.2%,+/-1.5,"3,467",+/-485,13.4%,+/-1.9,"1,105",+/-250,4.3%,+/-1.0,624,+/-191,2.1%,+/-0.7,779,+/-209,2.2%,+/-0.6,"3,958",+/-480,7.9%,+/-0.9,"1,045",+/-230,3.2%,+/-0.7,765,+/-193,3.1%,+/-0.8,"1,350",+/-312,4.1%,+/-1.0,"2,709",+/-371,8.9%,+/-1.2,"1,746",+/-276,5.2%,+/-0.8,"1,711",+/-319,4.9%,+/-0.9,"2,166",+/-316,5.7%,+/-0.8,"2,493",+/-354,5.5%,+/-0.8,"1,304",+/-331,5.2%,+/-1.3,
"      $200,000 or more  ","1,520",+/-265,5.2%,+/-0.9,377,+/-157,1.3%,+/-0.5,988,+/-251,3.5%,+/-0.9,"5,204",+/-586,20.2%,+/-2.0,"6,869",+/-582,26.6%,+/-2.2,"1,312",+/-276,5.1%,+/-1.0,327,+/-173,1.1%,+/-0.6,456,+/-160,1.3%,+/-0.5,"2,491",+/-332,5.0%,+/-0.7,540,+/-140,1.7%,+/-0.4,616,+/-205,2.5%,+/-0.8,"1,432",+/-293,4.4%,+/-0.9,"2,532",+/-377,8.4%,+/-1.2,"1,188",+/-237,3.5%,+/-0.7,"1,689",+/-239,4.8%,+/-0.7,"2,455",+/-360,6.5%,+/-0.9,"1,616",+/-242,3.6%,+/-0.5,"1,049",+/-292,4.2%,+/-1.2,
      Median family income (dollars)  ,"43,249","+/-3,630",(X),(X),"37,320","+/-2,379",(X),(X),"39,878","+/-2,729",(X),(X),"82,977","+/-7,339",(X),(X),"120,171","+/-7,599",(X),(X),"44,732","+/-3,817",(X),(X),"30,930","+/-1,885",(X),(X),"38,663","+/-2,537",(X),(X),"72,364","+/-2,372",(X),(X),"54,218","+/-2,630",(X),(X),"49,482","+/-3,111",(X),(X),"42,078","+/-2,414",(X),(X),"65,927","+/-3,126",(X),(X),"42,157","+/-1,989",(X),(X),"50,055","+/-2,661",(X),(X),"61,651","+/-3,305",(X),(X),"54,869","+/-1,982",(X),(X),"46,510","+/-6,052",(X),(X),
      Mean family income (dollars)  ,"68,997","+/-4,076",(X),(X),"50,384","+/-2,646",(X),(X),"60,273","+/-3,879",(X),(X),"131,784","+/-7,798",(X),(X),"165,557","+/-10,608",(X),(X),"65,904","+/-3,988",(X),(X),"45,632","+/-2,990",(X),(X),"49,562","+/-2,108",(X),(X),"85,239","+/-2,007",(X),(X),"64,045","+/-1,904",(X),(X),"62,154","+/-3,117",(X),(X),"62,768","+/-2,804",(X),(X),"91,259","+/-4,188",(X),(X),"64,525","+/-2,645",(X),(X),"70,686","+/-2,365",(X),(X),"83,359","+/-3,399",(X),(X),"71,156","+/-2,161",(X),(X),"69,728","+/-5,639",(X),(X),
  ,,,,,,,,,,,,,,,,,,,,,,,,,,,,,,,,,,,,,,,,,,,,,,,,,,,,,,,,,,,,,,,,,,,,,,,,,
      Per capita income (dollars)  ,"30,425","+/-1,349",(X),(X),"17,442",+/-723,(X),(X),"20,404",+/-903,(X),(X),"46,711","+/-1,883",(X),(X),"58,353","+/-3,043",(X),(X),"25,715","+/-1,115",(X),(X),"16,434","+/-1,724",(X),(X),"15,690",+/-578,(X),(X),"26,232",+/-579,(X),(X),"21,063",+/-612,(X),(X),"20,979","+/-1,069",(X),(X),"20,048",+/-765,(X),(X),"31,000","+/-1,165",(X),(X),"17,356",+/-718,(X),(X),"22,659",+/-701,(X),(X),"26,570",+/-903,(X),(X),"22,977",+/-695,(X),(X),"23,580","+/-1,409",(X),(X),
  ,,,,,,,,,,,,,,,,,,,,,,,,,,,,,,,,,,,,,,,,,,,,,,,,,,,,,,,,,,,,,,,,,,,,,,,,,
    Nonfamily households  ,"31,485","+/-1,072","31,485",(X),"15,905",+/-973,"15,905",(X),"20,829","+/-1,246","20,829",(X),"28,053","+/-1,091","28,053",(X),"22,369","+/-1,138","22,369",(X),"24,726","+/-1,165","24,726",(X),"12,960",+/-853,"12,960",(X),"15,515","+/-1,155","15,515",(X),"16,490",+/-928,"16,490",(X),"14,550",+/-967,"14,550",(X),"15,119","+/-1,026","15,119",(X),"13,482",+/-803,"13,482",(X),"19,264",+/-952,"19,264",(X),"12,320",+/-772,"12,320",(X),"20,832","+/-1,130","20,832",(X),"18,684",+/-898,"18,684",(X),"17,502",+/-980,"17,502",(X),"19,184","+/-1,226","19,184",(X),
      Median nonfamily income (dollars)  ,"57,791","+/-4,899",(X),(X),"31,208","+/-4,783",(X),(X),"29,250","+/-3,085",(X),(X),"61,147","+/-4,444",(X),(X),"72,469","+/-3,851",(X),(X),"35,717","+/-2,063",(X),(X),"16,488","+/-2,152",(X),(X),"21,078","+/-2,903",(X),(X),"33,308","+/-3,378",(X),(X),"28,871","+/-3,415",(X),(X),"27,030","+/-1,685",(X),(X),"39,530","+/-5,275",(X),(X),"43,064","+/-3,259",(X),(X),"22,695","+/-1,997",(X),(X),"29,232","+/-3,282",(X),(X),"27,472","+/-2,689",(X),(X),"28,195","+/-2,629",(X),(X),"14,627","+/-1,819",(X),(X),
      Mean nonfamily income (dollars)  ,"73,900","+/-3,740",(X),(X),"47,063","+/-2,928",(X),(X),"42,893","+/-3,145",(X),(X),"82,947","+/-4,377",(X),(X),"93,603","+/-5,630",(X),(X),"52,368","+/-2,986",(X),(X),"27,584","+/-2,332",(X),(X),"29,660","+/-2,172",(X),(X),"46,101","+/-2,540",(X),(X),"35,610","+/-2,178",(X),(X),"39,602","+/-3,719",(X),(X),"53,725","+/-4,178",(X),(X),"58,285","+/-3,510",(X),(X),"39,333","+/-2,875",(X),(X),"41,060","+/-2,419",(X),(X),"39,082","+/-2,080",(X),(X),"43,644","+/-4,285",(X),(X),"30,025","+/-3,353",(X),(X),
  ,,,,,,,,,,,,,,,,,,,,,,,,,,,,,,,,,,,,,,,,,,,,,,,,,,,,,,,,,,,,,,,,,,,,,,,,,
    Median earnings for workers (dollars)  ,"40,097","+/-1,763",(X),(X),"24,645","+/-1,026",(X),(X),"30,227","+/-1,177",(X),(X),"50,085","+/-2,263",(X),(X),"56,299","+/-3,309",(X),(X),"35,161","+/-1,380",(X),(X),"26,115","+/-1,079",(X),(X),"27,504","+/-1,552",(X),(X),"35,933",+/-611,(X),(X),"31,746",+/-538,(X),(X),"30,204","+/-1,231",(X),(X),"22,371","+/-1,093",(X),(X),"39,358","+/-2,610",(X),(X),"24,315","+/-1,403",(X),(X),"29,438","+/-1,561",(X),(X),"35,951","+/-1,376",(X),(X),"29,809","+/-1,631",(X),(X),"31,065","+/-1,368",(X),(X),
"    Median earnings for male full-time, year-round workers (dollars)  ","54,223","+/-2,756",(X),(X),"29,783","+/-1,620",(X),(X),"41,401","+/-1,105",(X),(X),"71,494","+/-4,332",(X),(X),"79,284","+/-4,754",(X),(X),"41,981","+/-1,609",(X),(X),"33,969","+/-2,515",(X),(X),"35,496","+/-1,475",(X),(X),"47,546","+/-1,846",(X),(X),"40,623","+/-1,175",(X),(X),"40,359","+/-2,062",(X),(X),"30,515","+/-1,143",(X),(X),"53,511","+/-3,007",(X),(X),"36,067","+/-1,618",(X),(X),"40,858","+/-2,468",(X),(X),"50,650","+/-1,215",(X),(X),"40,685","+/-1,131",(X),(X),"45,275","+/-3,802",(X),(X),
"    Median earnings for female full-time, year-round workers (dollars)  ","50,658","+/-1,471",(X),(X),"32,347","+/-1,462",(X),(X),"40,815","+/-1,350",(X),(X),"63,805","+/-3,252",(X),(X),"65,796","+/-2,071",(X),(X),"42,211","+/-1,937",(X),(X),"34,118","+/-2,194",(X),(X),"35,367","+/-1,694",(X),(X),"45,137","+/-1,472",(X),(X),"37,102","+/-1,061",(X),(X),"36,893","+/-2,026",(X),(X),"35,447","+/-2,280",(X),(X),"53,649","+/-2,635",(X),(X),"34,897","+/-2,851",(X),(X),"37,315","+/-2,834",(X),(X),"42,288","+/-1,902",(X),(X),"38,592","+/-2,209",(X),(X),"38,415","+/-3,451",(X),(X),
  ,,,,,,,,,,,,,,,,,,,,,,,,,,,,,,,,,,,,,,,,,,,,,,,,,,,,,,,,,,,,,,,,,,,,,,,,,
HEALTH INSURANCE COVERAGE  ,,,,,,,,,,,,,,,,,,,,,,,,,,,,,,,,,,,,,,,,,,,,,,,,,,,,,,,,,,,,,,,,,,,,,,,,,
    Civilian noninstitutionalized population  ,"149,568","+/-4,668","149,568",(X),"142,563","+/-4,557","142,563",(X),"137,470","+/-4,437","137,470",(X),"126,019","+/-4,363","126,019",(X),"112,440","+/-4,303","112,440",(X),"124,152","+/-4,643","124,152",(X),"126,041","+/-5,250","126,041",(X),"154,119","+/-5,120","154,119",(X),"202,155","+/-5,122","202,155",(X),"134,062","+/-4,661","134,062",(X),"109,794","+/-4,021","109,794",(X),"151,420","+/-5,695","151,420",(X),"130,138","+/-4,750","130,138",(X),"162,440","+/-5,569","162,440",(X),"155,186","+/-4,732","155,186",(X),"151,071","+/-4,664","151,071",(X),"185,965","+/-5,471","185,965",(X),"102,843","+/-4,203","102,843",(X),
      With health insurance coverage  ,"128,337","+/-3,994",85.8%,+/-0.9,"105,191","+/-3,777",73.8%,+/-1.5,"120,798","+/-3,748",87.9%,+/-1.1,"113,906","+/-4,027",90.4%,+/-0.9,"101,678","+/-4,066",90.4%,+/-1.1,"104,162","+/-3,889",83.9%,+/-1.2,"109,364","+/-5,179",86.8%,+/-1.2,"135,012","+/-5,008",87.6%,+/-1.0,"182,857","+/-4,740",90.5%,+/-0.6,"113,558","+/-4,541",84.7%,+/-1.1,"93,945","+/-3,341",85.6%,+/-1.2,"119,740","+/-4,947",79.1%,+/-1.5,"116,361","+/-4,051",89.4%,+/-1.2,"144,180","+/-5,344",88.8%,+/-1.2,"132,484","+/-4,409",85.4%,+/-1.2,"139,304","+/-4,479",92.2%,+/-0.9,"159,799","+/-4,998",85.9%,+/-1.0,"91,416","+/-4,048",88.9%,+/-1.3,
        With private health insurance  ,"74,836","+/-3,014",50.0%,+/-1.9,"45,801","+/-2,597",32.1%,+/-1.7,"61,828","+/-3,205",45.0%,+/-1.7,"86,420","+/-3,061",68.6%,+/-1.4,"87,657","+/-3,531",78.0%,+/-1.7,"63,679","+/-3,018",51.3%,+/-1.9,"48,698","+/-2,725",38.6%,+/-1.6,"70,028","+/-4,099",45.4%,+/-1.9,"130,710","+/-3,611",64.7%,+/-1.1,"67,072","+/-2,984",50.0%,+/-1.6,"54,136","+/-3,104",49.3%,+/-2.2,"55,853","+/-3,225",36.9%,+/-1.9,"75,046","+/-3,023",57.7%,+/-1.8,"64,199","+/-3,368",39.5%,+/-1.8,"73,313","+/-3,687",47.2%,+/-1.9,"92,919","+/-4,023",61.5%,+/-1.8,"87,104","+/-3,964",46.8%,+/-1.7,"48,545","+/-3,043",47.2%,+/-2.4,
        With public coverage  ,"59,599","+/-3,785",39.8%,+/-2.0,"65,009","+/-3,450",45.6%,+/-1.7,"70,079","+/-2,613",51.0%,+/-1.6,"36,187","+/-2,448",28.7%,+/-1.5,"20,048","+/-1,873",17.8%,+/-1.4,"49,910","+/-3,133",40.2%,+/-1.9,"69,662","+/-4,566",55.3%,+/-2.1,"73,156","+/-3,279",47.5%,+/-1.8,"67,684","+/-3,049",33.5%,+/-1.1,"55,822","+/-3,051",41.6%,+/-1.4,"48,585","+/-2,742",44.3%,+/-2.1,"72,076","+/-4,068",47.6%,+/-1.9,"53,659","+/-3,129",41.2%,+/-1.8,"91,791","+/-4,420",56.5%,+/-1.7,"68,272","+/-3,251",44.0%,+/-1.8,"58,028","+/-3,092",38.4%,+/-1.8,"84,925","+/-3,826",45.7%,+/-1.5,"51,430","+/-3,277",50.0%,+/-2.3,
      No health insurance coverage  ,"21,231","+/-1,672",14.2%,+/-0.9,"37,372","+/-2,595",26.2%,+/-1.5,"16,672","+/-1,704",12.1%,+/-1.1,"12,113","+/-1,288",9.6%,+/-0.9,"10,762","+/-1,334",9.6%,+/-1.1,"19,990","+/-1,823",16.1%,+/-1.2,"16,677","+/-1,425",13.2%,+/-1.2,"19,107","+/-1,573",12.4%,+/-1.0,"19,298","+/-1,342",9.5%,+/-0.6,"20,504","+/-1,529",15.3%,+/-1.1,"15,849","+/-1,627",14.4%,+/-1.2,"31,680","+/-2,597",20.9%,+/-1.5,"13,777","+/-1,787",10.6%,+/-1.2,"18,260","+/-2,096",11.2%,+/-1.2,"22,702","+/-2,038",14.6%,+/-1.2,"11,767","+/-1,485",7.8%,+/-0.9,"26,166","+/-2,067",14.1%,+/-1.0,"11,427","+/-1,425",11.1%,+/-1.3,
  ,,,,,,,,,,,,,,,,,,,,,,,,,,,,,,,,,,,,,,,,,,,,,,,,,,,,,,,,,,,,,,,,,,,,,,,,,
      Civilian noninstitutionalized population under 18 years  ,"32,023","+/-2,230","32,023",(X),"33,580","+/-1,960","33,580",(X),"38,646","+/-2,500","38,646",(X),"21,409","+/-1,984","21,409",(X),"21,187","+/-1,991","21,187",(X),"25,621","+/-1,878","25,621",(X),"37,481","+/-2,440","37,481",(X),"42,605","+/-2,567","42,605",(X),"46,729","+/-1,979","46,729",(X),"29,628","+/-1,812","29,628",(X),"25,863","+/-2,240","25,863",(X),"37,197","+/-2,090","37,197",(X),"27,708","+/-1,836","27,708",(X),"56,754","+/-2,714","56,754",(X),"38,362","+/-2,714","38,362",(X),"33,046","+/-1,962","33,046",(X),"37,159","+/-2,311","37,159",(X),"17,529","+/-1,805","17,529",(X),
        No health insurance coverage  ,909,+/-390,2.8%,+/-1.2,"1,375",+/-405,4.1%,+/-1.2,"1,400",+/-446,3.6%,+/-1.1,588,+/-283,2.7%,+/-1.3,494,+/-287,2.3%,+/-1.4,"1,137",+/-406,4.4%,+/-1.6,"1,549",+/-470,4.1%,+/-1.2,"1,674",+/-518,3.9%,+/-1.2,"2,091",+/-469,4.5%,+/-1.0,"1,330",+/-364,4.5%,+/-1.2,852,+/-318,3.3%,+/-1.2,"1,114",+/-349,3.0%,+/-0.9,761,+/-324,2.7%,+/-1.1,993,+/-364,1.7%,+/-0.6,"1,426",+/-497,3.7%,+/-1.2,792,+/-400,2.4%,+/-1.2,"1,024",+/-323,2.8%,+/-0.8,814,+/-336,4.6%,+/-1.9,
  ,,,,,,,,,,,,,,,,,,,,,,,,,,,,,,,,,,,,,,,,,,,,,,,,,,,,,,,,,,,,,,,,,,,,,,,,,
      Civilian noninstitutionalized population 18 to 64 years  ,"105,132","+/-3,458","105,132",(X),"97,745","+/-3,292","97,745",(X),"87,192","+/-3,170","87,192",(X),"91,812","+/-3,044","91,812",(X),"81,246","+/-3,009","81,246",(X),"85,208","+/-3,367","85,208",(X),"77,693","+/-3,369","77,693",(X),"97,019","+/-3,424","97,019",(X),"130,638","+/-3,724","130,638",(X),"86,310","+/-3,213","86,310",(X),"69,941","+/-2,686","69,941",(X),"101,504","+/-4,194","101,504",(X),"83,263","+/-3,460","83,263",(X),"88,709","+/-3,696","88,709",(X),"98,918","+/-3,148","98,918",(X),"92,429","+/-3,288","92,429",(X),"121,671","+/-3,811","121,671",(X),"61,560","+/-2,932","61,560",(X),
        In labor force:  ,"81,241","+/-2,653","81,241",(X),"75,449","+/-3,176","75,449",(X),"63,962","+/-2,518","63,962",(X),"71,388","+/-2,694","71,388",(X),"69,831","+/-2,530","69,831",(X),"64,271","+/-2,746","64,271",(X),"50,742","+/-2,455","50,742",(X),"62,882","+/-2,527","62,882",(X),"100,465","+/-2,685","100,465",(X),"63,780","+/-2,376","63,780",(X),"52,702","+/-2,255","52,702",(X),"77,353","+/-3,505","77,353",(X),"62,632","+/-2,731","62,632",(X),"61,469","+/-2,702","61,469",(X),"71,902","+/-2,625","71,902",(X),"65,601","+/-2,477","65,601",(X),"88,880","+/-3,092","88,880",(X),"43,471","+/-2,210","43,471",(X),
          Employed:  ,"75,589","+/-2,447","75,589",(X),"63,455","+/-2,688","63,455",(X),"53,565","+/-2,270","53,565",(X),"64,470","+/-2,547","64,470",(X),"65,214","+/-2,347","65,214",(X),"56,412","+/-2,624","56,412",(X),"42,926","+/-2,253","42,926",(X),"54,364","+/-2,391","54,364",(X),"89,263","+/-2,398","89,263",(X),"55,948","+/-2,119","55,948",(X),"44,743","+/-1,910","44,743",(X),"69,892","+/-3,151","69,892",(X),"56,822","+/-2,626","56,822",(X),"57,049","+/-2,602","57,049",(X),"64,371","+/-2,407","64,371",(X),"59,397","+/-2,312","59,397",(X),"79,899","+/-2,771","79,899",(X),"38,168","+/-2,276","38,168",(X),
            With health insurance coverage  ,"61,887","+/-2,112",81.9%,+/-1.3,"38,644","+/-2,038",60.9%,+/-2.1,"44,832","+/-2,060",83.7%,+/-1.9,"57,523","+/-2,266",89.2%,+/-1.2,"58,285","+/-2,240",89.4%,+/-1.3,"45,491","+/-2,142",80.6%,+/-1.9,"35,227","+/-1,919",82.1%,+/-2.0,"46,212","+/-2,384",85.0%,+/-1.6,"79,974","+/-2,182",89.6%,+/-0.8,"45,791","+/-2,066",81.8%,+/-1.8,"36,271","+/-1,641",81.1%,+/-2.2,"48,249","+/-2,447",69.0%,+/-2.3,"48,554","+/-2,011",85.4%,+/-1.8,"45,104","+/-2,231",79.1%,+/-2.2,"51,090","+/-2,179",79.4%,+/-2.2,"53,703","+/-2,226",90.4%,+/-1.2,"63,446","+/-2,482",79.4%,+/-1.7,"31,997","+/-2,133",83.8%,+/-2.4,
              With private health insurance  ,"52,384","+/-2,048",69.3%,+/-1.6,"29,901","+/-1,816",47.1%,+/-2.2,"35,826","+/-1,829",66.9%,+/-2.0,"53,611","+/-2,101",83.2%,+/-1.5,"56,601","+/-2,213",86.8%,+/-1.5,"39,312","+/-1,994",69.7%,+/-2.3,"26,568","+/-1,626",61.9%,+/-2.3,"36,803","+/-2,237",67.7%,+/-2.3,"70,977","+/-2,045",79.5%,+/-1.2,"37,900","+/-1,754",67.7%,+/-2.0,"29,700","+/-1,734",66.4%,+/-2.8,"32,756","+/-2,001",46.9%,+/-2.3,"39,587","+/-1,738",69.7%,+/-2.0,"28,177","+/-1,840",49.4%,+/-2.5,"39,020","+/-1,991",60.6%,+/-2.4,"45,589","+/-2,215",76.8%,+/-1.9,"47,982","+/-2,257",60.1%,+/-2.1,"26,170","+/-1,954",68.6%,+/-2.8,
              With public coverage  ,"10,639",+/-913,14.1%,+/-1.2,"9,514",+/-970,15.0%,+/-1.4,"10,945",+/-819,20.4%,+/-1.4,"4,655",+/-708,7.2%,+/-1.0,"2,068",+/-472,3.2%,+/-0.7,"7,044",+/-802,12.5%,+/-1.3,"10,495","+/-1,356",24.4%,+/-2.8,"10,761",+/-975,19.8%,+/-1.7,"10,375",+/-891,11.6%,+/-0.9,"8,651",+/-975,15.5%,+/-1.5,"8,020",+/-962,17.9%,+/-2.1,"16,905","+/-1,600",24.2%,+/-2.1,"10,431","+/-1,154",18.4%,+/-1.8,"18,366","+/-1,360",32.2%,+/-2.1,"13,121","+/-1,159",20.4%,+/-1.6,"8,963",+/-996,15.1%,+/-1.7,"16,495","+/-1,265",20.6%,+/-1.4,"6,596",+/-994,17.3%,+/-2.5,
            No health insurance coverage  ,"13,702","+/-1,124",18.1%,+/-1.3,"24,811","+/-1,779",39.1%,+/-2.1,"8,733","+/-1,118",16.3%,+/-1.9,"6,947",+/-889,10.8%,+/-1.2,"6,929",+/-885,10.6%,+/-1.3,"10,921","+/-1,312",19.4%,+/-1.9,"7,699",+/-982,17.9%,+/-2.0,"8,152",+/-879,15.0%,+/-1.6,"9,289",+/-750,10.4%,+/-0.8,"10,157","+/-1,055",18.2%,+/-1.8,"8,472","+/-1,137",18.9%,+/-2.2,"21,643","+/-2,045",31.0%,+/-2.3,"8,268","+/-1,229",14.6%,+/-1.8,"11,945","+/-1,474",20.9%,+/-2.2,"13,281","+/-1,570",20.6%,+/-2.2,"5,694",+/-743,9.6%,+/-1.2,"16,453","+/-1,561",20.6%,+/-1.7,"6,171",+/-987,16.2%,+/-2.4,
          Unemployed:  ,"5,652",+/-727,"5,652",(X),"11,994","+/-1,326","11,994",(X),"10,397","+/-1,060","10,397",(X),"6,918",+/-740,"6,918",(X),"4,617",+/-700,"4,617",(X),"7,859",+/-760,"7,859",(X),"7,816",+/-822,"7,816",(X),"8,518",+/-992,"8,518",(X),"11,202","+/-1,002","11,202",(X),"7,832",+/-837,"7,832",(X),"7,959","+/-1,051","7,959",(X),"7,461",+/-917,"7,461",(X),"5,810",+/-597,"5,810",(X),"4,420",+/-557,"4,420",(X),"7,531",+/-762,"7,531",(X),"6,204",+/-758,"6,204",(X),"8,981",+/-907,"8,981",(X),"5,303",+/-888,"5,303",(X),
            With health insurance coverage  ,"3,371",+/-521,59.6%,+/-6.2,"6,893",+/-790,57.5%,+/-5.6,"7,267",+/-807,69.9%,+/-3.7,"4,894",+/-698,70.7%,+/-5.1,"3,222",+/-599,69.8%,+/-6.9,"5,306",+/-554,67.5%,+/-4.8,"5,647",+/-720,72.2%,+/-4.6,"5,999",+/-762,70.4%,+/-4.5,"8,036",+/-818,71.7%,+/-3.9,"4,803",+/-666,61.3%,+/-4.9,"4,987",+/-718,62.7%,+/-5.2,"4,561",+/-654,61.1%,+/-5.7,"3,995",+/-513,68.8%,+/-5.7,"3,321",+/-494,75.1%,+/-5.3,"4,855",+/-569,64.5%,+/-5.3,"4,582",+/-662,73.9%,+/-5.5,"6,607",+/-790,73.6%,+/-3.9,"3,716",+/-682,70.1%,+/-6.1,
              With private health insurance  ,"1,706",+/-353,30.2%,+/-5.8,"1,809",+/-383,15.1%,+/-3.1,"2,373",+/-438,22.8%,+/-4.0,"3,002",+/-466,43.4%,+/-4.7,"2,234",+/-549,48.4%,+/-8.1,"1,730",+/-357,22.0%,+/-4.2,"1,690",+/-357,21.6%,+/-4.1,"2,344",+/-562,27.5%,+/-5.5,"3,877",+/-507,34.6%,+/-3.7,"1,720",+/-361,22.0%,+/-4.0,"1,844",+/-452,23.2%,+/-5.1,"1,529",+/-323,20.5%,+/-4.0,"2,151",+/-345,37.0%,+/-5.4,"1,378",+/-304,31.2%,+/-5.5,"2,036",+/-301,27.0%,+/-3.7,"2,358",+/-489,38.0%,+/-6.0,"2,854",+/-438,31.8%,+/-3.7,"1,433",+/-357,27.0%,+/-5.5,
              With public coverage  ,"1,709",+/-409,30.2%,+/-6.0,"5,338",+/-766,44.5%,+/-5.6,"5,611",+/-781,54.0%,+/-5.3,"2,247",+/-473,32.5%,+/-5.4,988,+/-287,21.4%,+/-5.9,"3,847",+/-504,49.0%,+/-5.3,"4,350",+/-627,55.7%,+/-5.1,"3,927",+/-550,46.1%,+/-4.8,"4,473",+/-625,39.9%,+/-4.0,"3,276",+/-588,41.8%,+/-5.6,"3,295",+/-558,41.4%,+/-5.2,"3,344",+/-581,44.8%,+/-5.9,"2,010",+/-386,34.6%,+/-5.3,"2,047",+/-391,46.3%,+/-6.5,"3,104",+/-520,41.2%,+/-5.6,"2,316",+/-472,37.3%,+/-6.4,"3,925",+/-595,43.7%,+/-4.5,"2,445",+/-546,46.1%,+/-7.0,
            No health insurance coverage  ,"2,281",+/-484,40.4%,+/-6.2,"5,101","+/-1,034",42.5%,+/-5.6,"3,130",+/-523,30.1%,+/-3.7,"2,024",+/-359,29.3%,+/-5.1,"1,395",+/-367,30.2%,+/-6.9,"2,553",+/-495,32.5%,+/-4.8,"2,169",+/-409,27.8%,+/-4.6,"2,519",+/-506,29.6%,+/-4.5,"3,166",+/-526,28.3%,+/-3.9,"3,029",+/-484,38.7%,+/-4.9,"2,972",+/-609,37.3%,+/-5.2,"2,900",+/-584,38.9%,+/-5.7,"1,815",+/-389,31.2%,+/-5.7,"1,099",+/-265,24.9%,+/-5.3,"2,676",+/-522,35.5%,+/-5.3,"1,622",+/-391,26.1%,+/-5.5,"2,374",+/-398,26.4%,+/-3.9,"1,587",+/-437,29.9%,+/-6.1,
        Not in labor force:  ,"23,891","+/-1,881","23,891",(X),"22,296","+/-1,807","22,296",(X),"23,230","+/-1,660","23,230",(X),"20,424","+/-1,479","20,424",(X),"11,415","+/-1,094","11,415",(X),"20,937","+/-1,602","20,937",(X),"26,951","+/-1,757","26,951",(X),"34,137","+/-1,978","34,137",(X),"30,173","+/-1,722","30,173",(X),"22,530","+/-1,590","22,530",(X),"17,239","+/-1,412","17,239",(X),"24,151","+/-1,521","24,151",(X),"20,631","+/-1,656","20,631",(X),"27,240","+/-1,634","27,240",(X),"27,016","+/-1,572","27,016",(X),"26,828","+/-1,678","26,828",(X),"32,791","+/-1,536","32,791",(X),"18,089","+/-1,376","18,089",(X),
          With health insurance coverage  ,"19,665","+/-1,675",82.3%,+/-2.5,"16,697","+/-1,634",74.9%,+/-3.4,"19,979","+/-1,351",86.0%,+/-2.4,"18,033","+/-1,422",88.3%,+/-2.8,"9,631",+/-949,84.4%,+/-3.7,"15,984","+/-1,351",76.3%,+/-3.2,"21,985","+/-1,652",81.6%,+/-2.6,"27,600","+/-1,864",80.9%,+/-2.2,"25,816","+/-1,565",85.6%,+/-1.6,"17,148","+/-1,286",76.1%,+/-2.7,"14,020","+/-1,210",81.3%,+/-3.6,"18,455","+/-1,317",76.4%,+/-2.3,"17,947","+/-1,462",87.0%,+/-2.4,"23,358","+/-1,416",85.7%,+/-2.4,"22,109","+/-1,437",81.8%,+/-2.5,"23,701","+/-1,614",88.3%,+/-2.2,"26,836","+/-1,428",81.8%,+/-2.1,"15,415","+/-1,230",85.2%,+/-2.7,
            With private health insurance  ,"7,426",+/-886,31.1%,+/-3.3,"4,234",+/-708,19.0%,+/-2.9,"6,384",+/-784,27.5%,+/-2.5,"10,990","+/-1,081",53.8%,+/-3.5,"6,452",+/-754,56.5%,+/-4.2,"6,878",+/-766,32.9%,+/-2.8,"5,952",+/-744,22.1%,+/-2.4,"8,430","+/-1,203",24.7%,+/-2.9,"14,647","+/-1,129",48.5%,+/-2.3,"6,756",+/-725,30.0%,+/-2.8,"5,116",+/-675,29.7%,+/-3.4,"6,113",+/-690,25.3%,+/-2.6,"9,494",+/-863,46.0%,+/-3.4,"9,812",+/-944,36.0%,+/-2.6,"9,487",+/-772,35.1%,+/-2.2,"14,974","+/-1,216",55.8%,+/-2.8,"11,841",+/-959,36.1%,+/-2.6,"6,220",+/-824,34.4%,+/-3.7,
            With public coverage  ,"13,189","+/-1,495",55.2%,+/-3.9,"13,329","+/-1,542",59.8%,+/-4.1,"15,138","+/-1,113",65.2%,+/-3.6,"8,208",+/-804,40.2%,+/-3.0,"3,924",+/-617,34.4%,+/-4.4,"11,051","+/-1,201",52.8%,+/-3.6,"17,557","+/-1,582",65.1%,+/-3.3,"20,290","+/-1,415",59.4%,+/-3.1,"12,803","+/-1,081",42.4%,+/-2.5,"11,342","+/-1,012",50.3%,+/-2.7,"9,632","+/-1,080",55.9%,+/-4.6,"13,435","+/-1,167",55.6%,+/-2.8,"9,741","+/-1,136",47.2%,+/-3.4,"14,792","+/-1,063",54.3%,+/-3.1,"13,441","+/-1,146",49.8%,+/-3.0,"9,680",+/-996,36.1%,+/-2.9,"16,394","+/-1,295",50.0%,+/-2.9,"10,256",+/-904,56.7%,+/-3.4,
          No health insurance coverage  ,"4,226",+/-683,17.7%,+/-2.5,"5,599",+/-841,25.1%,+/-3.4,"3,251",+/-669,14.0%,+/-2.4,"2,391",+/-601,11.7%,+/-2.8,"1,784",+/-480,15.6%,+/-3.7,"4,953",+/-790,23.7%,+/-3.2,"4,966",+/-734,18.4%,+/-2.6,"6,537",+/-801,19.1%,+/-2.2,"4,357",+/-530,14.4%,+/-1.6,"5,382",+/-748,23.9%,+/-2.7,"3,219",+/-716,18.7%,+/-3.6,"5,696",+/-642,23.6%,+/-2.3,"2,684",+/-563,13.0%,+/-2.4,"3,882",+/-742,14.3%,+/-2.4,"4,907",+/-745,18.2%,+/-2.5,"3,127",+/-609,11.7%,+/-2.2,"5,955",+/-753,18.2%,+/-2.1,"2,674",+/-540,14.8%,+/-2.7,
  ,,,,,,,,,,,,,,,,,,,,,,,,,,,,,,,,,,,,,,,,,,,,,,,,,,,,,,,,,,,,,,,,,,,,,,,,,
PERCENTAGE OF FAMILIES AND PEOPLE WHOSE INCOME IN THE PAST 12 MONTHS IS BELOW THE POVERTY LEVEL  ,,,,,,,,,,,,,,,,,,,,,,,,,,,,,,,,,,,,,,,,,,,,,,,,,,,,,,,,,,,,,,,,,,,,,,,,,
    All families  ,(X),(X),26.6%,+/-2.5,(X),(X),27.5%,+/-2.2,(X),(X),29.1%,+/-2.0,(X),(X),15.3%,+/-1.6,(X),(X),8.0%,+/-1.7,(X),(X),25.7%,+/-2.6,(X),(X),34.9%,+/-2.2,(X),(X),28.8%,+/-2.2,(X),(X),9.9%,+/-0.9,(X),(X),14.8%,+/-1.5,(X),(X),18.2%,+/-2.3,(X),(X),26.0%,+/-1.9,(X),(X),13.2%,+/-1.5,(X),(X),27.8%,+/-1.7,(X),(X),17.6%,+/-2.1,(X),(X),13.8%,+/-1.6,(X),(X),15.5%,+/-1.6,(X),(X),19.6%,+/-2.2,
      With related children under 18 years  ,(X),(X),41.0%,+/-3.8,(X),(X),35.0%,+/-3.2,(X),(X),38.8%,+/-2.8,(X),(X),23.7%,+/-3.3,(X),(X),9.3%,+/-2.4,(X),(X),33.7%,+/-3.9,(X),(X),43.0%,+/-2.7,(X),(X),35.0%,+/-2.8,(X),(X),14.7%,+/-1.6,(X),(X),20.8%,+/-2.2,(X),(X),23.4%,+/-3.5,(X),(X),35.0%,+/-2.9,(X),(X),16.3%,+/-2.1,(X),(X),38.6%,+/-2.4,(X),(X),21.6%,+/-3.0,(X),(X),19.1%,+/-3.1,(X),(X),20.9%,+/-2.5,(X),(X),26.5%,+/-3.9,
        With related children under 5 years only  ,(X),(X),36.1%,+/-6.7,(X),(X),26.4%,+/-7.6,(X),(X),29.9%,+/-7.0,(X),(X),13.3%,+/-4.6,(X),(X),2.3%,+/-2.1,(X),(X),35.9%,+/-8.5,(X),(X),37.1%,+/-7.2,(X),(X),26.5%,+/-6.9,(X),(X),10.2%,+/-4.0,(X),(X),16.3%,+/-6.1,(X),(X),23.0%,+/-7.3,(X),(X),26.0%,+/-6.3,(X),(X),11.5%,+/-3.8,(X),(X),45.0%,+/-6.0,(X),(X),13.9%,+/-6.6,(X),(X),20.5%,+/-6.8,(X),(X),17.3%,+/-5.0,(X),(X),24.5%,+/-9.4,
    Married couple families  ,(X),(X),24.2%,+/-2.6,(X),(X),17.7%,+/-3.2,(X),(X),21.3%,+/-2.9,(X),(X),6.7%,+/-1.5,(X),(X),3.5%,+/-1.3,(X),(X),11.9%,+/-2.9,(X),(X),15.0%,+/-3.2,(X),(X),19.4%,+/-3.0,(X),(X),5.4%,+/-1.0,(X),(X),7.8%,+/-1.8,(X),(X),9.8%,+/-3.0,(X),(X),21.5%,+/-2.2,(X),(X),12.0%,+/-1.7,(X),(X),28.6%,+/-1.9,(X),(X),14.7%,+/-2.2,(X),(X),11.0%,+/-1.7,(X),(X),14.7%,+/-1.7,(X),(X),16.3%,+/-2.4,
      With related children under 18 years  ,(X),(X),38.9%,+/-4.1,(X),(X),22.7%,+/-4.7,(X),(X),31.5%,+/-4.4,(X),(X),11.0%,+/-3.0,(X),(X),2.2%,+/-1.3,(X),(X),16.1%,+/-5.1,(X),(X),19.5%,+/-4.7,(X),(X),22.6%,+/-4.3,(X),(X),7.9%,+/-1.7,(X),(X),10.5%,+/-3.1,(X),(X),12.7%,+/-4.1,(X),(X),28.0%,+/-3.4,(X),(X),13.8%,+/-2.5,(X),(X),38.7%,+/-2.6,(X),(X),18.7%,+/-3.5,(X),(X),13.9%,+/-3.0,(X),(X),17.9%,+/-2.4,(X),(X),19.1%,+/-4.0,
        With related children under 5 years only  ,(X),(X),33.7%,+/-7.2,(X),(X),19.3%,+/-10.0,(X),(X),23.1%,+/-8.4,(X),(X),2.5%,+/-1.8,(X),(X),0.0%,+/-1.5,(X),(X),16.3%,+/-10.2,(X),(X),11.0%,+/-9.9,(X),(X),19.0%,+/-8.8,(X),(X),3.9%,+/-3.1,(X),(X),8.7%,+/-6.5,(X),(X),14.8%,+/-7.0,(X),(X),13.3%,+/-5.5,(X),(X),10.4%,+/-4.5,(X),(X),45.4%,+/-6.1,(X),(X),13.9%,+/-7.5,(X),(X),14.5%,+/-6.4,(X),(X),12.4%,+/-4.7,(X),(X),21.3%,+/-11.3,
"    Families with female householder, no husband present  ",(X),(X),33.9%,+/-4.8,(X),(X),37.6%,+/-4.0,(X),(X),38.0%,+/-3.6,(X),(X),34.5%,+/-4.2,(X),(X),23.1%,+/-6.6,(X),(X),38.3%,+/-4.0,(X),(X),44.5%,+/-3.1,(X),(X),38.1%,+/-3.6,(X),(X),16.3%,+/-1.9,(X),(X),21.3%,+/-2.8,(X),(X),26.3%,+/-3.8,(X),(X),37.0%,+/-4.3,(X),(X),18.3%,+/-3.6,(X),(X),25.7%,+/-5.7,(X),(X),24.7%,+/-3.7,(X),(X),25.5%,+/-5.5,(X),(X),20.8%,+/-3.9,(X),(X),28.5%,+/-5.1,
      With related children under 18 years  ,(X),(X),47.8%,+/-8.1,(X),(X),46.1%,+/-5.2,(X),(X),46.6%,+/-4.8,(X),(X),43.2%,+/-6.5,(X),(X),30.1%,+/-8.3,(X),(X),45.9%,+/-5.5,(X),(X),51.6%,+/-3.4,(X),(X),45.0%,+/-4.1,(X),(X),22.1%,+/-3.0,(X),(X),28.4%,+/-4.0,(X),(X),33.8%,+/-5.6,(X),(X),47.4%,+/-5.8,(X),(X),26.8%,+/-7.1,(X),(X),39.2%,+/-9.3,(X),(X),27.3%,+/-4.7,(X),(X),38.5%,+/-9.4,(X),(X),36.9%,+/-7.5,(X),(X),44.2%,+/-8.2,
        With related children under 5 years only  ,(X),(X),43.8%,+/-19.1,(X),(X),31.9%,+/-12.2,(X),(X),38.3%,+/-11.2,(X),(X),44.7%,+/-14.3,(X),(X),16.3%,+/-15.9,(X),(X),55.8%,+/-14.1,(X),(X),47.6%,+/-10.1,(X),(X),30.2%,+/-12.1,(X),(X),19.1%,+/-8.1,(X),(X),25.2%,+/-10.5,(X),(X),33.1%,+/-13.6,(X),(X),51.1%,+/-14.7,(X),(X),21.6%,+/-15.3,(X),(X),32.4%,+/-26.1,(X),(X),12.4%,+/-9.8,(X),(X),39.5%,+/-23.9,(X),(X),55.5%,+/-19.1,(X),(X),30.8%,+/-19.1,
  ,,,,,,,,,,,,,,,,,,,,,,,,,,,,,,,,,,,,,,,,,,,,,,,,,,,,,,,,,,,,,,,,,,,,,,,,,
    All people  ,(X),(X),29.6%,+/-2.2,(X),(X),30.4%,+/-2.0,(X),(X),33.4%,+/-1.8,(X),(X),20.4%,+/-1.7,(X),(X),10.5%,+/-1.3,(X),(X),26.9%,+/-2.0,(X),(X),36.7%,+/-2.0,(X),(X),31.5%,+/-2.1,(X),(X),12.4%,+/-1.1,(X),(X),17.7%,+/-1.5,(X),(X),21.6%,+/-2.2,(X),(X),28.7%,+/-1.8,(X),(X),15.7%,+/-1.5,(X),(X),32.3%,+/-1.8,(X),(X),21.4%,+/-2.0,(X),(X),16.6%,+/-1.6,(X),(X),18.0%,+/-1.6,(X),(X),26.5%,+/-2.0,
    Under 18 years  ,(X),(X),51.9%,+/-4.7,(X),(X),42.1%,+/-3.7,(X),(X),48.3%,+/-3.6,(X),(X),30.3%,+/-5.0,(X),(X),11.5%,+/-3.5,(X),(X),37.7%,+/-4.2,(X),(X),50.5%,+/-3.1,(X),(X),39.2%,+/-3.1,(X),(X),18.0%,+/-2.2,(X),(X),24.3%,+/-2.9,(X),(X),26.9%,+/-4.4,(X),(X),40.9%,+/-3.5,(X),(X),19.2%,+/-2.8,(X),(X),44.3%,+/-2.9,(X),(X),27.5%,+/-4.0,(X),(X),21.2%,+/-3.6,(X),(X),25.2%,+/-3.1,(X),(X),31.1%,+/-5.0,
      Related children under 18 years  ,(X),(X),51.8%,+/-4.7,(X),(X),41.7%,+/-3.7,(X),(X),48.2%,+/-3.6,(X),(X),30.1%,+/-4.9,(X),(X),11.5%,+/-3.5,(X),(X),37.2%,+/-4.2,(X),(X),50.3%,+/-3.1,(X),(X),39.0%,+/-3.1,(X),(X),17.8%,+/-2.3,(X),(X),24.1%,+/-3.0,(X),(X),26.6%,+/-4.4,(X),(X),40.6%,+/-3.4,(X),(X),18.9%,+/-2.7,(X),(X),44.2%,+/-2.9,(X),(X),27.4%,+/-4.0,(X),(X),21.0%,+/-3.7,(X),(X),25.1%,+/-3.1,(X),(X),30.8%,+/-5.0,
        Related children under 5 years  ,(X),(X),53.4%,+/-4.9,(X),(X),42.0%,+/-5.6,(X),(X),48.8%,+/-4.7,(X),(X),23.7%,+/-5.2,(X),(X),4.7%,+/-2.1,(X),(X),39.0%,+/-6.8,(X),(X),52.0%,+/-4.6,(X),(X),39.5%,+/-5.3,(X),(X),18.5%,+/-3.9,(X),(X),24.8%,+/-5.6,(X),(X),27.0%,+/-5.9,(X),(X),39.9%,+/-5.1,(X),(X),16.1%,+/-3.3,(X),(X),47.2%,+/-4.0,(X),(X),26.2%,+/-4.9,(X),(X),24.6%,+/-5.4,(X),(X),22.5%,+/-4.2,(X),(X),32.5%,+/-7.3,
        Related children 5 to 17 years  ,(X),(X),50.9%,+/-5.7,(X),(X),41.5%,+/-4.0,(X),(X),47.9%,+/-3.7,(X),(X),34.4%,+/-5.8,(X),(X),15.9%,+/-5.0,(X),(X),36.3%,+/-4.7,(X),(X),49.5%,+/-3.4,(X),(X),38.8%,+/-3.4,(X),(X),17.6%,+/-2.2,(X),(X),23.8%,+/-3.2,(X),(X),26.4%,+/-4.8,(X),(X),41.0%,+/-3.9,(X),(X),20.2%,+/-3.6,(X),(X),42.7%,+/-3.1,(X),(X),28.0%,+/-4.4,(X),(X),19.6%,+/-3.8,(X),(X),26.1%,+/-3.6,(X),(X),30.1%,+/-5.7,
    18 years and over  ,(X),(X),23.6%,+/-1.7,(X),(X),26.8%,+/-1.9,(X),(X),27.7%,+/-1.6,(X),(X),18.3%,+/-1.4,(X),(X),10.3%,+/-1.1,(X),(X),24.1%,+/-1.6,(X),(X),30.9%,+/-1.8,(X),(X),28.6%,+/-2.0,(X),(X),10.8%,+/-1.0,(X),(X),15.8%,+/-1.3,(X),(X),19.9%,+/-1.8,(X),(X),24.8%,+/-1.5,(X),(X),14.7%,+/-1.4,(X),(X),25.9%,+/-1.7,(X),(X),19.4%,+/-1.6,(X),(X),15.3%,+/-1.3,(X),(X),16.2%,+/-1.3,(X),(X),25.6%,+/-1.8,
    18 to 64 years  ,(X),(X),22.8%,+/-1.8,(X),(X),26.0%,+/-1.9,(X),(X),27.2%,+/-1.6,(X),(X),18.4%,+/-1.6,(X),(X),9.3%,+/-1.2,(X),(X),23.1%,+/-1.7,(X),(X),30.9%,+/-2.0,(X),(X),28.1%,+/-2.1,(X),(X),10.5%,+/-1.0,(X),(X),16.0%,+/-1.4,(X),(X),20.1%,+/-2.2,(X),(X),24.4%,+/-1.6,(X),(X),14.7%,+/-1.6,(X),(X),27.0%,+/-1.8,(X),(X),18.4%,+/-1.8,(X),(X),13.8%,+/-1.4,(X),(X),15.2%,+/-1.4,(X),(X),20.6%,+/-2.3,
    65 years and over  ,(X),(X),30.1%,+/-3.5,(X),(X),33.7%,+/-5.0,(X),(X),31.4%,+/-3.2,(X),(X),18.2%,+/-3.2,(X),(X),18.6%,+/-3.8,(X),(X),30.2%,+/-4.3,(X),(X),31.1%,+/-3.6,(X),(X),31.6%,+/-4.0,(X),(X),12.2%,+/-1.6,(X),(X),14.9%,+/-2.5,(X),(X),19.3%,+/-3.1,(X),(X),28.3%,+/-3.7,(X),(X),14.8%,+/-2.4,(X),(X),20.4%,+/-2.9,(X),(X),25.1%,+/-2.5,(X),(X),20.9%,+/-2.4,(X),(X),20.7%,+/-2.2,(X),(X),38.4%,+/-3.4,
      People in families  ,(X),(X),34.6%,+/-3.1,(X),(X),28.4%,+/-2.4,(X),(X),33.5%,+/-2.4,(X),(X),18.1%,+/-2.3,(X),(X),8.6%,+/-1.9,(X),(X),26.8%,+/-2.8,(X),(X),35.5%,+/-2.3,(X),(X),29.9%,+/-2.4,(X),(X),10.6%,+/-1.2,(X),(X),14.7%,+/-1.6,(X),(X),18.5%,+/-2.7,(X),(X),27.5%,+/-2.0,(X),(X),14.6%,+/-1.8,(X),(X),32.7%,+/-2.0,(X),(X),18.9%,+/-2.4,(X),(X),14.1%,+/-1.8,(X),(X),16.1%,+/-1.7,(X),(X),20.1%,+/-2.4,
      Unrelated individuals 15 years and over  ,(X),(X),20.3%,+/-1.8,(X),(X),36.2%,+/-2.7,(X),(X),33.2%,+/-2.3,(X),(X),24.3%,+/-1.8,(X),(X),14.8%,+/-1.7,(X),(X),27.1%,+/-2.3,(X),(X),42.1%,+/-3.4,(X),(X),40.8%,+/-2.9,(X),(X),26.4%,+/-2.4,(X),(X),33.0%,+/-3.0,(X),(X),33.4%,+/-3.3,(X),(X),33.7%,+/-2.7,(X),(X),20.1%,+/-2.3,(X),(X),29.9%,+/-3.3,(X),(X),32.1%,+/-2.4,(X),(X),30.0%,+/-2.4,(X),(X),29.3%,+/-2.9,(X),(X),48.1%,+/-3.4,
,,,,,,,,,,,,,,,,,,,,,,,,,,,,,,,,,,,,,,,,,,,,,,,,,,,,,,,,,,,,,,,,,,,,,,,,,
,,,,,,,,,,,,,,,,,,,,,,,,,,,,,,,,,,,,,,,,,,,,,,,,,,,,,,,,,,,,,,,,,,,,,,,,,
"Sources: U. S. Census Bureau, 2011-2013 American Community Survey  Summary File",,,,,,,,,,,,,,,,,,,,,,,,,,,,,,,,,,,,,,,,,,,,,,,,,,,,,,,,,,,,,,,,,,,,,,,,,
Population Division  New York City Department of City Planning (January 2015),,,,,,,,,,,,,,,,,,,,,,,,,,,,,,,,,,,,,,,,,,,,,,,,,,,,,,,,,,,,,,,,,,,,,,,,,
,,,,,,,,,,,,,,,,,,,,,,,,,,,,,,,,,,,,,,,,,,,,,,,,,,,,,,,,,,,,,,,,,,,,,,,,,
REFERENCE NOTES:,,,,,,,,,,,,,,,,,,,,,,,,,,,,,,,,,,,,,,,,,,,,,,,,,,,,,,,,,,,,,,,,,,,,,,,,,
,,,,,,,,,,,,,,,,,,,,,,,,,,,,,,,,,,,,,,,,,,,,,,,,,,,,,,,,,,,,,,,,,,,,,,,,,
"Data are based on a sample and are subject to sampling variability. The degree of uncertainty for an estimate arising from sampling variability is represented through the use of a margin of error. The value shown here is the 90 percent margin of error. The margin of error can be interpreted roughly as providing a 90 percent probability that the interval defined by the estimate minus the margin of error and the estimate plus the margin of error (the lower and upper confidence bounds) contains the true value. In addition to sampling variability, the ACS estimates are subject to nonsampling error (for a discussion of nonsampling variability, see Accuracy of the Data). The effect of nonsampling error is not represented in these tables.

",,,,,,,,,,,,,,,,,,,,,,,,,,,,,,,,,,,,,,,,,,,,,,,,,,,,,,,,,,,,,,,,,,,,,,,,,
"There were changes in the edit between 2009 and 2010 regarding Supplemental Security Income (SSI) and Social Security. The changes in the edit loosened restrictions on disability requirements for receipt of SSI resulting in an increase in the total number of SSI recipients in the American Community Survey. The changes also loosened restrictions on possible reported monthly amounts in Social Security income resulting in higher Social Security aggregate amounts. These results more closely match administrative counts compiled by the Social Security Administration.

",,,,,,,,,,,,,,,,,,,,,,,,,,,,,,,,,,,,,,,,,,,,,,,,,,,,,,,,,,,,,,,,,,,,,,,,,
"Workers include members of the Armed Forces and civilians who were at work last week.

",,,,,,,,,,,,,,,,,,,,,,,,,,,,,,,,,,,,,,,,,,,,,,,,,,,,,,,,,,,,,,,,,,,,,,,,,
Occupation codes are 4-digit codes and are based on Standard Occupational Classification 2010.,,,,,,,,,,,,,,,,,,,,,,,,,,,,,,,,,,,,,,,,,,,,,,,,,,,,,,,,,,,,,,,,,,,,,,,,,
"Industry codes are 4-digit codes and are based on the North American Industry Classification System (NAICS). The Census industry codes for 2013 and later years are based on the 2012 revision of the NAICS. To allow for the creation of 2009-2013 and 2011-2013 tables, industry data in the multiyear files (2009-2013 and 2011-2013) were recoded to 2013 Census industry codes. We recommend using caution when comparing data coded using 2013 Census industry codes with data coded using Census industry codes prior to 2013. For more information on the Census industry code changes, please visit our website at http://www.census.gov/people/io/methodology/.",,,,,,,,,,,,,,,,,,,,,,,,,,,,,,,,,,,,,,,,,,,,,,,,,,,,,,,,,,,,,,,,,,,,,,,,,
"While the 2011-2013 American Community Survey (ACS) data generally reflect the February 2013 Office of Management and Budget (OMB) definitions of metropolitan and micropolitan statistical areas; in certain instances the names, codes, and boundaries of the principal cities shown in ACS tables may differ from the OMB definitions due to differences in the effective dates of the geographic entities.
",,,,,,,,,,,,,,,,,,,,,,,,,,,,,,,,,,,,,,,,,,,,,,,,,,,,,,,,,,,,,,,,,,,,,,,,,
"Estimates of urban and rural population, housing units, and characteristics reflect boundaries of urban areas defined based on Census 2010 data. As a result, data for urban and rural areas from the ACS do not necessarily reflect the results of ongoing urbanization.

",,,,,,,,,,,,,,,,,,,,,,,,,,,,,,,,,,,,,,,,,,,,,,,,,,,,,,,,,,,,,,,,,,,,,,,,,
"Source: U.S. Census Bureau, 2011-2013 American Community Survey

",,,,,,,,,,,,,,,,,,,,,,,,,,,,,,,,,,,,,,,,,,,,,,,,,,,,,,,,,,,,,,,,,,,,,,,,,
"Explanation of Symbols:

    1.  An '**' entry in the margin of error column indicates that either no sample observations or too few sample observations were available to compute a standard error and thus the margin of error. A statistical test is not appropriate.
    2.  An '-' entry in the estimate column indicates that either no sample observations or too few sample observations were available to compute an estimate, or a ratio of medians cannot be calculated because one or both of the median estimates falls in the lowest interval or upper interval of an open-ended distribution.
    3.  An '-' following a median estimate means the median falls in the lowest interval of an open-ended distribution.
    4.  An '+' following a median estimate means the median falls in the upper interval of an open-ended distribution.
    5.  An '***' entry in the margin of error column indicates that the median falls in the lowest interval or upper interval of an open-ended distribution. A statistical test is not appropriate.
    6.  An '*****' entry in the margin of error column indicates that the estimate is controlled. A statistical test for sampling variability is not appropriate.
    7.  An 'N' entry in the estimate and margin of error columns indicates that data for this geographic area cannot be displayed because the number of sample cases is too small.
    8.  An '(X)' means that the estimate is not applicable or not available.",,,,,,,,,,,,,,,,,,,,,,,,,,,,,,,,,,,,,,,,,,,,,,,,,,,,,,,,,,,,,,,,,,,,,,,,,