,,,,,Estimate; HEALTH INSURANCE COVERAGE - Civilian noninstitutionalized population,Margin of Error; HEALTH INSURANCE COVERAGE - Civilian noninstitutionalized population,Percent; HEALTH INSURANCE COVERAGE - Civilian noninstitutionalized population,Percent Margin of Error; HEALTH INSURANCE COVERAGE - Civilian noninstitutionalized population,Estimate; HEALTH INSURANCE COVERAGE - Civilian noninstitutionalized population - With health insurance coverage,Margin of Error; HEALTH INSURANCE COVERAGE - Civilian noninstitutionalized population - With health insurance coverage,Percent; HEALTH INSURANCE COVERAGE - Civilian noninstitutionalized population - With health insurance coverage,Percent Margin of Error; HEALTH INSURANCE COVERAGE - Civilian noninstitutionalized population - With health insurance coverage,Estimate; HEALTH INSURANCE COVERAGE - Civilian noninstitutionalized population - With health insurance coverage - With private health insurance,Margin of Error; HEALTH INSURANCE COVERAGE - Civilian noninstitutionalized population - With health insurance coverage - With private health insurance,Percent; HEALTH INSURANCE COVERAGE - Civilian noninstitutionalized population - With health insurance coverage - With private health insurance,Percent Margin of Error; HEALTH INSURANCE COVERAGE - Civilian noninstitutionalized population - With health insurance coverage - With private health insurance,Estimate; HEALTH INSURANCE COVERAGE - Civilian noninstitutionalized population - With health insurance coverage - With public coverage,Margin of Error; HEALTH INSURANCE COVERAGE - Civilian noninstitutionalized population - With health insurance coverage - With public coverage,Percent; HEALTH INSURANCE COVERAGE - Civilian noninstitutionalized population - With health insurance coverage - With public coverage,Percent Margin of Error; HEALTH INSURANCE COVERAGE - Civilian noninstitutionalized population - With health insurance coverage - With public coverage,Estimate; HEALTH INSURANCE COVERAGE - Civilian noninstitutionalized population - No health insurance coverage,Margin of Error; HEALTH INSURANCE COVERAGE - Civilian noninstitutionalized population - No health insurance coverage,Percent; HEALTH INSURANCE COVERAGE - Civilian noninstitutionalized population - No health insurance coverage,Percent Margin of Error; HEALTH INSURANCE COVERAGE - Civilian noninstitutionalized population - No health insurance coverage,Estimate; HEALTH INSURANCE COVERAGE - Civilian noninstitutionalized population under 18 years,Margin of Error; HEALTH INSURANCE COVERAGE - Civilian noninstitutionalized population under 18 years,Percent; HEALTH INSURANCE COVERAGE - Civilian noninstitutionalized population under 18 years,Percent Margin of Error; HEALTH INSURANCE COVERAGE - Civilian noninstitutionalized population under 18 years,Estimate; HEALTH INSURANCE COVERAGE - Civilian noninstitutionalized population under 18 years - No health insurance coverage,Margin of Error; HEALTH INSURANCE COVERAGE - Civilian noninstitutionalized population under 18 years - No health insurance coverage,Percent; HEALTH INSURANCE COVERAGE - Civilian noninstitutionalized population under 18 years - No health insurance coverage,Percent Margin of Error; HEALTH INSURANCE COVERAGE - Civilian noninstitutionalized population under 18 years - No health insurance coverage,Estimate; HEALTH INSURANCE COVERAGE - Civilian noninstitutionalized population 18 to 64 years,Margin of Error; HEALTH INSURANCE COVERAGE - Civilian noninstitutionalized population 18 to 64 years,Percent; HEALTH INSURANCE COVERAGE - Civilian noninstitutionalized population 18 to 64 years,Percent Margin of Error; HEALTH INSURANCE COVERAGE - Civilian noninstitutionalized population 18 to 64 years,Estimate; HEALTH INSURANCE COVERAGE - Civilian noninstitutionalized population 18 to 64 years - In labor force:,Margin of Error; HEALTH INSURANCE COVERAGE - Civilian noninstitutionalized population 18 to 64 years - In labor force:,Percent; HEALTH INSURANCE COVERAGE - Civilian noninstitutionalized population 18 to 64 years - In labor force:,Percent Margin of Error; HEALTH INSURANCE COVERAGE - Civilian noninstitutionalized population 18 to 64 years - In labor force:,Estimate; HEALTH INSURANCE COVERAGE - Civilian noninstitutionalized population 18 to 64 years - In labor force: - Employed:,Margin of Error; HEALTH INSURANCE COVERAGE - Civilian noninstitutionalized population 18 to 64 years - In labor force: - Employed:,Percent; HEALTH INSURANCE COVERAGE - Civilian noninstitutionalized population 18 to 64 years - In labor force: - Employed:,Percent Margin of Error; HEALTH INSURANCE COVERAGE - Civilian noninstitutionalized population 18 to 64 years - In labor force: - Employed:,Estimate; HEALTH INSURANCE COVERAGE - Civilian noninstitutionalized population 18 to 64 years - In labor force: - Employed: - With health insurance coverage,Margin of Error; HEALTH INSURANCE COVERAGE - Civilian noninstitutionalized population 18 to 64 years - In labor force: - Employed: - With health insurance coverage,Percent; HEALTH INSURANCE COVERAGE - Civilian noninstitutionalized population 18 to 64 years - In labor force: - Employed: - With health insurance coverage,Percent Margin of Error; HEALTH INSURANCE COVERAGE - Civilian noninstitutionalized population 18 to 64 years - In labor force: - Employed: - With health insurance coverage,Estimate; HEALTH INSURANCE COVERAGE - Civilian noninstitutionalized population 18 to 64 years - In labor force: - Employed: - With health insurance coverage - With private health insurance,Margin of Error; HEALTH INSURANCE COVERAGE - Civilian noninstitutionalized population 18 to 64 years - In labor force: - Employed: - With health insurance coverage - With private health insurance,Percent; HEALTH INSURANCE COVERAGE - Civilian noninstitutionalized population 18 to 64 years - In labor force: - Employed: - With health insurance coverage - With private health insurance,Percent Margin of Error; HEALTH INSURANCE COVERAGE - Civilian noninstitutionalized population 18 to 64 years - In labor force: - Employed: - With health insurance coverage - With private health insurance,Estimate; HEALTH INSURANCE COVERAGE - Civilian noninstitutionalized population 18 to 64 years - In labor force: - Employed: - With health insurance coverage - With public coverage,Margin of Error; HEALTH INSURANCE COVERAGE - Civilian noninstitutionalized population 18 to 64 years - In labor force: - Employed: - With health insurance coverage - With public coverage,Percent; HEALTH INSURANCE COVERAGE - Civilian noninstitutionalized population 18 to 64 years - In labor force: - Employed: - With health insurance coverage - With public coverage,Percent Margin of Error; HEALTH INSURANCE COVERAGE - Civilian noninstitutionalized population 18 to 64 years - In labor force: - Employed: - With health insurance coverage - With public coverage,Estimate; HEALTH INSURANCE COVERAGE - Civilian noninstitutionalized population 18 to 64 years - In labor force: - Employed: - No health insurance coverage,Margin of Error; HEALTH INSURANCE COVERAGE - Civilian noninstitutionalized population 18 to 64 years - In labor force: - Employed: - No health insurance coverage,Percent; HEALTH INSURANCE COVERAGE - Civilian noninstitutionalized population 18 to 64 years - In labor force: - Employed: - No health insurance coverage,Percent Margin of Error; HEALTH INSURANCE COVERAGE - Civilian noninstitutionalized population 18 to 64 years - In labor force: - Employed: - No health insurance coverage,Estimate; HEALTH INSURANCE COVERAGE - Civilian noninstitutionalized population 18 to 64 years - In labor force: - Unemployed:,Margin of Error; HEALTH INSURANCE COVERAGE - Civilian noninstitutionalized population 18 to 64 years - In labor force: - Unemployed:,Percent; HEALTH INSURANCE COVERAGE - Civilian noninstitutionalized population 18 to 64 years - In labor force: - Unemployed:,Percent Margin of Error; HEALTH INSURANCE COVERAGE - Civilian noninstitutionalized population 18 to 64 years - In labor force: - Unemployed:,Estimate; HEALTH INSURANCE COVERAGE - Civilian noninstitutionalized population 18 to 64 years - In labor force: - Unemployed: - With health insurance coverage,Margin of Error; HEALTH INSURANCE COVERAGE - Civilian noninstitutionalized population 18 to 64 years - In labor force: - Unemployed: - With health insurance coverage,Percent; HEALTH INSURANCE COVERAGE - Civilian noninstitutionalized population 18 to 64 years - In labor force: - Unemployed: - With health insurance coverage,Percent Margin of Error; HEALTH INSURANCE COVERAGE - Civilian noninstitutionalized population 18 to 64 years - In labor force: - Unemployed: - With health insurance coverage,Estimate; HEALTH INSURANCE COVERAGE - Civilian noninstitutionalized population 18 to 64 years - In labor force: - Unemployed: - With health insurance coverage - With private health insurance,Margin of Error; HEALTH INSURANCE COVERAGE - Civilian noninstitutionalized population 18 to 64 years - In labor force: - Unemployed: - With health insurance coverage - With private health insurance,Percent; HEALTH INSURANCE COVERAGE - Civilian noninstitutionalized population 18 to 64 years - In labor force: - Unemployed: - With health insurance coverage - With private health insurance,Percent Margin of Error; HEALTH INSURANCE COVERAGE - Civilian noninstitutionalized population 18 to 64 years - In labor force: - Unemployed: - With health insurance coverage - With private health insurance,Estimate; HEALTH INSURANCE COVERAGE - Civilian noninstitutionalized population 18 to 64 years - In labor force: - Unemployed: - With health insurance coverage - With public coverage,Margin of Error; HEALTH INSURANCE COVERAGE - Civilian noninstitutionalized population 18 to 64 years - In labor force: - Unemployed: - With health insurance coverage - With public coverage,Percent; HEALTH INSURANCE COVERAGE - Civilian noninstitutionalized population 18 to 64 years - In labor force: - Unemployed: - With health insurance coverage - With public coverage,Percent Margin of Error; HEALTH INSURANCE COVERAGE - Civilian noninstitutionalized population 18 to 64 years - In labor force: - Unemployed: - With health insurance coverage - With public coverage,Estimate; HEALTH INSURANCE COVERAGE - Civilian noninstitutionalized population 18 to 64 years - In labor force: - Unemployed: - No health insurance coverage,Margin of Error; HEALTH INSURANCE COVERAGE - Civilian noninstitutionalized population 18 to 64 years - In labor force: - Unemployed: - No health insurance coverage,Percent; HEALTH INSURANCE COVERAGE - Civilian noninstitutionalized population 18 to 64 years - In labor force: - Unemployed: - No health insurance coverage,Percent Margin of Error; HEALTH INSURANCE COVERAGE - Civilian noninstitutionalized population 18 to 64 years - In labor force: - Unemployed: - No health insurance coverage,Estimate; HEALTH INSURANCE COVERAGE - Civilian noninstitutionalized population 18 to 64 years - Not in labor force:,Margin of Error; HEALTH INSURANCE COVERAGE - Civilian noninstitutionalized population 18 to 64 years - Not in labor force:,Percent; HEALTH INSURANCE COVERAGE - Civilian noninstitutionalized population 18 to 64 years - Not in labor force:,Percent Margin of Error; HEALTH INSURANCE COVERAGE - Civilian noninstitutionalized population 18 to 64 years - Not in labor force:,Estimate; HEALTH INSURANCE COVERAGE - Civilian noninstitutionalized population 18 to 64 years - Not in labor force: - With health insurance coverage,Margin of Error; HEALTH INSURANCE COVERAGE - Civilian noninstitutionalized population 18 to 64 years - Not in labor force: - With health insurance coverage,Percent; HEALTH INSURANCE COVERAGE - Civilian noninstitutionalized population 18 to 64 years - Not in labor force: - With health insurance coverage,Percent Margin of Error; HEALTH INSURANCE COVERAGE - Civilian noninstitutionalized population 18 to 64 years - Not in labor force: - With health insurance coverage,Estimate; HEALTH INSURANCE COVERAGE - Civilian noninstitutionalized population 18 to 64 years - Not in labor force: - With health insurance coverage - With private health insurance,Margin of Error; HEALTH INSURANCE COVERAGE - Civilian noninstitutionalized population 18 to 64 years - Not in labor force: - With health insurance coverage - With private health insurance,Percent; HEALTH INSURANCE COVERAGE - Civilian noninstitutionalized population 18 to 64 years - Not in labor force: - With health insurance coverage - With private health insurance,Percent Margin of Error; HEALTH INSURANCE COVERAGE - Civilian noninstitutionalized population 18 to 64 years - Not in labor force: - With health insurance coverage - With private health insurance,Estimate; HEALTH INSURANCE COVERAGE - Civilian noninstitutionalized population 18 to 64 years - Not in labor force: - With health insurance coverage - With public coverage,Margin of Error; HEALTH INSURANCE COVERAGE - Civilian noninstitutionalized population 18 to 64 years - Not in labor force: - With health insurance coverage - With public coverage,Percent; HEALTH INSURANCE COVERAGE - Civilian noninstitutionalized population 18 to 64 years - Not in labor force: - With health insurance coverage - With public coverage,Percent Margin of Error; HEALTH INSURANCE COVERAGE - Civilian noninstitutionalized population 18 to 64 years - Not in labor force: - With health insurance coverage - With public coverage,Estimate; HEALTH INSURANCE COVERAGE - Civilian noninstitutionalized population 18 to 64 years - Not in labor force: - No health insurance coverage,Margin of Error; HEALTH INSURANCE COVERAGE - Civilian noninstitutionalized population 18 to 64 years - Not in labor force: - No health insurance coverage,Percent; HEALTH INSURANCE COVERAGE - Civilian noninstitutionalized population 18 to 64 years - Not in labor force: - No health insurance coverage,Percent Margin of Error; HEALTH INSURANCE COVERAGE - Civilian noninstitutionalized population 18 to 64 years - Not in labor force: - No health insurance coverage,Estimate; PERCENTAGE OF FAMILIES AND PEOPLE WHOSE INCOME IN THE PAST 12 MONTHS IS BELOW THE POVERTY LEVEL - All families,Margin of Error; PERCENTAGE OF FAMILIES AND PEOPLE WHOSE INCOME IN THE PAST 12 MONTHS IS BELOW THE POVERTY LEVEL - All families,Percent; PERCENTAGE OF FAMILIES AND PEOPLE WHOSE INCOME IN THE PAST 12 MONTHS IS BELOW THE POVERTY LEVEL - All families,Percent Margin of Error; PERCENTAGE OF FAMILIES AND PEOPLE WHOSE INCOME IN THE PAST 12 MONTHS IS BELOW THE POVERTY LEVEL - All families,Estimate; PERCENTAGE OF FAMILIES AND PEOPLE WHOSE INCOME IN THE PAST 12 MONTHS IS BELOW THE POVERTY LEVEL - All families - With related children under 18 years,Margin of Error; PERCENTAGE OF FAMILIES AND PEOPLE WHOSE INCOME IN THE PAST 12 MONTHS IS BELOW THE POVERTY LEVEL - All families - With related children under 18 years,Percent; PERCENTAGE OF FAMILIES AND PEOPLE WHOSE INCOME IN THE PAST 12 MONTHS IS BELOW THE POVERTY LEVEL - All families - With related children under 18 years,Percent Margin of Error; PERCENTAGE OF FAMILIES AND PEOPLE WHOSE INCOME IN THE PAST 12 MONTHS IS BELOW THE POVERTY LEVEL - All families - With related children under 18 years,Estimate; PERCENTAGE OF FAMILIES AND PEOPLE WHOSE INCOME IN THE PAST 12 MONTHS IS BELOW THE POVERTY LEVEL - All families - With related children under 18 years - With related children under 5 years only,Margin of Error; PERCENTAGE OF FAMILIES AND PEOPLE WHOSE INCOME IN THE PAST 12 MONTHS IS BELOW THE POVERTY LEVEL - All families - With related children under 18 years - With related children under 5 years only,Percent; PERCENTAGE OF FAMILIES AND PEOPLE WHOSE INCOME IN THE PAST 12 MONTHS IS BELOW THE POVERTY LEVEL - All families - With related children under 18 years - With related children under 5 years only,Percent Margin of Error; PERCENTAGE OF FAMILIES AND PEOPLE WHOSE INCOME IN THE PAST 12 MONTHS IS BELOW THE POVERTY LEVEL - All families - With related children under 18 years - With related children under 5 years only,Estimate; PERCENTAGE OF FAMILIES AND PEOPLE WHOSE INCOME IN THE PAST 12 MONTHS IS BELOW THE POVERTY LEVEL - Married couple families,Margin of Error; PERCENTAGE OF FAMILIES AND PEOPLE WHOSE INCOME IN THE PAST 12 MONTHS IS BELOW THE POVERTY LEVEL - Married couple families,Percent; PERCENTAGE OF FAMILIES AND PEOPLE WHOSE INCOME IN THE PAST 12 MONTHS IS BELOW THE POVERTY LEVEL - Married couple families,Percent Margin of Error; PERCENTAGE OF FAMILIES AND PEOPLE WHOSE INCOME IN THE PAST 12 MONTHS IS BELOW THE POVERTY LEVEL - Married couple families,Estimate; PERCENTAGE OF FAMILIES AND PEOPLE WHOSE INCOME IN THE PAST 12 MONTHS IS BELOW THE POVERTY LEVEL - Married couple families - With related children under 18 years,Margin of Error; PERCENTAGE OF FAMILIES AND PEOPLE WHOSE INCOME IN THE PAST 12 MONTHS IS BELOW THE POVERTY LEVEL - Married couple families - With related children under 18 years,Percent; PERCENTAGE OF FAMILIES AND PEOPLE WHOSE INCOME IN THE PAST 12 MONTHS IS BELOW THE POVERTY LEVEL - Married couple families - With related children under 18 years,Percent Margin of Error; PERCENTAGE OF FAMILIES AND PEOPLE WHOSE INCOME IN THE PAST 12 MONTHS IS BELOW THE POVERTY LEVEL - Married couple families - With related children under 18 years,Estimate; PERCENTAGE OF FAMILIES AND PEOPLE WHOSE INCOME IN THE PAST 12 MONTHS IS BELOW THE POVERTY LEVEL - Married couple families - With related children under 18 years - With related children under 5 years only,Margin of Error; PERCENTAGE OF FAMILIES AND PEOPLE WHOSE INCOME IN THE PAST 12 MONTHS IS BELOW THE POVERTY LEVEL - Married couple families - With related children under 18 years - With related children under 5 years only,Percent; PERCENTAGE OF FAMILIES AND PEOPLE WHOSE INCOME IN THE PAST 12 MONTHS IS BELOW THE POVERTY LEVEL - Married couple families - With related children under 18 years - With related children under 5 years only,Percent Margin of Error; PERCENTAGE OF FAMILIES AND PEOPLE WHOSE INCOME IN THE PAST 12 MONTHS IS BELOW THE POVERTY LEVEL - Married couple families - With related children under 18 years - With related children under 5 years only,"Estimate; PERCENTAGE OF FAMILIES AND PEOPLE WHOSE INCOME IN THE PAST 12 MONTHS IS BELOW THE POVERTY LEVEL - Families with female householder, no husband present","Margin of Error; PERCENTAGE OF FAMILIES AND PEOPLE WHOSE INCOME IN THE PAST 12 MONTHS IS BELOW THE POVERTY LEVEL - Families with female householder, no husband present","Percent; PERCENTAGE OF FAMILIES AND PEOPLE WHOSE INCOME IN THE PAST 12 MONTHS IS BELOW THE POVERTY LEVEL - Families with female householder, no husband present","Percent Margin of Error; PERCENTAGE OF FAMILIES AND PEOPLE WHOSE INCOME IN THE PAST 12 MONTHS IS BELOW THE POVERTY LEVEL - Families with female householder, no husband present","Estimate; PERCENTAGE OF FAMILIES AND PEOPLE WHOSE INCOME IN THE PAST 12 MONTHS IS BELOW THE POVERTY LEVEL - Families with female householder, no husband present - With related children under 18 years","Margin of Error; PERCENTAGE OF FAMILIES AND PEOPLE WHOSE INCOME IN THE PAST 12 MONTHS IS BELOW THE POVERTY LEVEL - Families with female householder, no husband present - With related children under 18 years","Percent; PERCENTAGE OF FAMILIES AND PEOPLE WHOSE INCOME IN THE PAST 12 MONTHS IS BELOW THE POVERTY LEVEL - Families with female householder, no husband present - With related children under 18 years","Percent Margin of Error; PERCENTAGE OF FAMILIES AND PEOPLE WHOSE INCOME IN THE PAST 12 MONTHS IS BELOW THE POVERTY LEVEL - Families with female householder, no husband present - With related children under 18 years","Estimate; PERCENTAGE OF FAMILIES AND PEOPLE WHOSE INCOME IN THE PAST 12 MONTHS IS BELOW THE POVERTY LEVEL - Families with female householder, no husband present - With related children under 18 years - With related children under 5 years only","Margin of Error; PERCENTAGE OF FAMILIES AND PEOPLE WHOSE INCOME IN THE PAST 12 MONTHS IS BELOW THE POVERTY LEVEL - Families with female householder, no husband present - With related children under 18 years - With related children under 5 years only","Percent; PERCENTAGE OF FAMILIES AND PEOPLE WHOSE INCOME IN THE PAST 12 MONTHS IS BELOW THE POVERTY LEVEL - Families with female householder, no husband present - With related children under 18 years - With related children under 5 years only","Percent Margin of Error; PERCENTAGE OF FAMILIES AND PEOPLE WHOSE INCOME IN THE PAST 12 MONTHS IS BELOW THE POVERTY LEVEL - Families with female householder, no husband present - With related children under 18 years - With related children under 5 years only",Estimate; PERCENTAGE OF FAMILIES AND PEOPLE WHOSE INCOME IN THE PAST 12 MONTHS IS BELOW THE POVERTY LEVEL - All people,Margin of Error; PERCENTAGE OF FAMILIES AND PEOPLE WHOSE INCOME IN THE PAST 12 MONTHS IS BELOW THE POVERTY LEVEL - All people,Percent; PERCENTAGE OF FAMILIES AND PEOPLE WHOSE INCOME IN THE PAST 12 MONTHS IS BELOW THE POVERTY LEVEL - All people,Percent Margin of Error; PERCENTAGE OF FAMILIES AND PEOPLE WHOSE INCOME IN THE PAST 12 MONTHS IS BELOW THE POVERTY LEVEL - All people,Estimate; PERCENTAGE OF FAMILIES AND PEOPLE WHOSE INCOME IN THE PAST 12 MONTHS IS BELOW THE POVERTY LEVEL - Under 18 years,Margin of Error; PERCENTAGE OF FAMILIES AND PEOPLE WHOSE INCOME IN THE PAST 12 MONTHS IS BELOW THE POVERTY LEVEL - Under 18 years,Percent; PERCENTAGE OF FAMILIES AND PEOPLE WHOSE INCOME IN THE PAST 12 MONTHS IS BELOW THE POVERTY LEVEL - Under 18 years,Percent Margin of Error; PERCENTAGE OF FAMILIES AND PEOPLE WHOSE INCOME IN THE PAST 12 MONTHS IS BELOW THE POVERTY LEVEL - Under 18 years,Estimate; PERCENTAGE OF FAMILIES AND PEOPLE WHOSE INCOME IN THE PAST 12 MONTHS IS BELOW THE POVERTY LEVEL - Under 18 years - Related children under 18 years,Margin of Error; PERCENTAGE OF FAMILIES AND PEOPLE WHOSE INCOME IN THE PAST 12 MONTHS IS BELOW THE POVERTY LEVEL - Under 18 years - Related children under 18 years,Percent; PERCENTAGE OF FAMILIES AND PEOPLE WHOSE INCOME IN THE PAST 12 MONTHS IS BELOW THE POVERTY LEVEL - Under 18 years - Related children under 18 years,Percent Margin of Error; PERCENTAGE OF FAMILIES AND PEOPLE WHOSE INCOME IN THE PAST 12 MONTHS IS BELOW THE POVERTY LEVEL - Under 18 years - Related children under 18 years,Estimate; PERCENTAGE OF FAMILIES AND PEOPLE WHOSE INCOME IN THE PAST 12 MONTHS IS BELOW THE POVERTY LEVEL - Under 18 years - Related children under 18 years - Related children under 5 years,Margin of Error; PERCENTAGE OF FAMILIES AND PEOPLE WHOSE INCOME IN THE PAST 12 MONTHS IS BELOW THE POVERTY LEVEL - Under 18 years - Related children under 18 years - Related children under 5 years,Percent; PERCENTAGE OF FAMILIES AND PEOPLE WHOSE INCOME IN THE PAST 12 MONTHS IS BELOW THE POVERTY LEVEL - Under 18 years - Related children under 18 years - Related children under 5 years,Percent Margin of Error; PERCENTAGE OF FAMILIES AND PEOPLE WHOSE INCOME IN THE PAST 12 MONTHS IS BELOW THE POVERTY LEVEL - Under 18 years - Related children under 18 years - Related children under 5 years,Estimate; PERCENTAGE OF FAMILIES AND PEOPLE WHOSE INCOME IN THE PAST 12 MONTHS IS BELOW THE POVERTY LEVEL - Under 18 years - Related children under 18 years - Related children 5 to 17 years,Margin of Error; PERCENTAGE OF FAMILIES AND PEOPLE WHOSE INCOME IN THE PAST 12 MONTHS IS BELOW THE POVERTY LEVEL - Under 18 years - Related children under 18 years - Related children 5 to 17 years,Percent; PERCENTAGE OF FAMILIES AND PEOPLE WHOSE INCOME IN THE PAST 12 MONTHS IS BELOW THE POVERTY LEVEL - Under 18 years - Related children under 18 years - Related children 5 to 17 years,Percent Margin of Error; PERCENTAGE OF FAMILIES AND PEOPLE WHOSE INCOME IN THE PAST 12 MONTHS IS BELOW THE POVERTY LEVEL - Under 18 years - Related children under 18 years - Related children 5 to 17 years,Estimate; PERCENTAGE OF FAMILIES AND PEOPLE WHOSE INCOME IN THE PAST 12 MONTHS IS BELOW THE POVERTY LEVEL - 18 years and over,Margin of Error; PERCENTAGE OF FAMILIES AND PEOPLE WHOSE INCOME IN THE PAST 12 MONTHS IS BELOW THE POVERTY LEVEL - 18 years and over,Percent; PERCENTAGE OF FAMILIES AND PEOPLE WHOSE INCOME IN THE PAST 12 MONTHS IS BELOW THE POVERTY LEVEL - 18 years and over,Percent Margin of Error; PERCENTAGE OF FAMILIES AND PEOPLE WHOSE INCOME IN THE PAST 12 MONTHS IS BELOW THE POVERTY LEVEL - 18 years and over,Estimate; PERCENTAGE OF FAMILIES AND PEOPLE WHOSE INCOME IN THE PAST 12 MONTHS IS BELOW THE POVERTY LEVEL - 18 to 64 years,Margin of Error; PERCENTAGE OF FAMILIES AND PEOPLE WHOSE INCOME IN THE PAST 12 MONTHS IS BELOW THE POVERTY LEVEL - 18 to 64 years,Percent; PERCENTAGE OF FAMILIES AND PEOPLE WHOSE INCOME IN THE PAST 12 MONTHS IS BELOW THE POVERTY LEVEL - 18 to 64 years,Percent Margin of Error; PERCENTAGE OF FAMILIES AND PEOPLE WHOSE INCOME IN THE PAST 12 MONTHS IS BELOW THE POVERTY LEVEL - 18 to 64 years,Estimate; PERCENTAGE OF FAMILIES AND PEOPLE WHOSE INCOME IN THE PAST 12 MONTHS IS BELOW THE POVERTY LEVEL - 65 years and over,Margin of Error; PERCENTAGE OF FAMILIES AND PEOPLE WHOSE INCOME IN THE PAST 12 MONTHS IS BELOW THE POVERTY LEVEL - 65 years and over,Percent; PERCENTAGE OF FAMILIES AND PEOPLE WHOSE INCOME IN THE PAST 12 MONTHS IS BELOW THE POVERTY LEVEL - 65 years and over,Percent Margin of Error; PERCENTAGE OF FAMILIES AND PEOPLE WHOSE INCOME IN THE PAST 12 MONTHS IS BELOW THE POVERTY LEVEL - 65 years and over,Estimate; PERCENTAGE OF FAMILIES AND PEOPLE WHOSE INCOME IN THE PAST 12 MONTHS IS BELOW THE POVERTY LEVEL - 65 years and over - People in families,Margin of Error; PERCENTAGE OF FAMILIES AND PEOPLE WHOSE INCOME IN THE PAST 12 MONTHS IS BELOW THE POVERTY LEVEL - 65 years and over - People in families,Percent; PERCENTAGE OF FAMILIES AND PEOPLE WHOSE INCOME IN THE PAST 12 MONTHS IS BELOW THE POVERTY LEVEL - 65 years and over - People in families,Percent Margin of Error; PERCENTAGE OF FAMILIES AND PEOPLE WHOSE INCOME IN THE PAST 12 MONTHS IS BELOW THE POVERTY LEVEL - 65 years and over - People in families,Estimate; PERCENTAGE OF FAMILIES AND PEOPLE WHOSE INCOME IN THE PAST 12 MONTHS IS BELOW THE POVERTY LEVEL - 65 years and over - Unrelated individuals 15 years and over,Margin of Error; PERCENTAGE OF FAMILIES AND PEOPLE WHOSE INCOME IN THE PAST 12 MONTHS IS BELOW THE POVERTY LEVEL - 65 years and over - Unrelated individuals 15 years and over,Percent; PERCENTAGE OF FAMILIES AND PEOPLE WHOSE INCOME IN THE PAST 12 MONTHS IS BELOW THE POVERTY LEVEL - 65 years and over - Unrelated individuals 15 years and over,Percent Margin of Error; PERCENTAGE OF FAMILIES AND PEOPLE WHOSE INCOME IN THE PAST 12 MONTHS IS BELOW THE POVERTY LEVEL - 65 years and over - Unrelated individuals 15 years and over
Boro,DCP_Boro,PUMA_ID,CD_Label,CD_Name,CvNIPopE,CvNIPopM,CvNIPopP,CvNIPopZ,HInsE,HInsM,HInsP,HInsZ,PvHInsE,PvHInsM,PvHInsP,PvHInsZ,PbHInsE,PbHInsM,PbHInsP,PbHInsZ,NHInsE,NHInsM,NHInsP,NHInsZ,CvNIU18E,CvNIU18M,CvNIU18P,CvNIU18Z,U18NHInsE,U18NHInsM,U18NHInsP,U18NHInsZ,CvNI18t64E,CvNI18t64M,CvNI18t64P,CvNI18t64Z,CvLF18t64E,CvLF18t64M,CvLF18t64P,CvLF18t64Z,CvLFEmE,CvLFEmM,CvLFEmP,CvLFEmZ,EmHInsE,EmHInsM,EmHInsP,EmHInsZ,EmPvHInsE,EmPvHInsM,EmPvHInsP,EmPvHInsZ,EmPbHInsE,EmPbHInsM,EmPbHInsP,EmPbHInsZ,EmNHInsE,EmNHInsM,EmNHInsP,EmNHInsZ,UEmE,UEmM,UEmP,UEmZ,UEmHInsE,UEmHInsM,UEmHInsP,UEmHInsZ,UEmPvHInsE,UEmPvHInsM,UEmPvHInsP,UEmPvHInsZ,UEmPbHInsE,UEmPbHInsM,UEmPbHInsP,UEmPbHInsZ,UEmNHInsE,UEmNHInsM,UEmNHInsP,UEmNHInsZ,NLFE,NLFM,NLFP,NLFZ,NLFHInsE,NLFHInsM,NLFHInsP,NLFHInsZ,NLFPvHInsE,NLFPvHInsM,NLFPvHInsP,NLFPvHInsZ,NLFPbHInsE,NLFPbHInsM,NLFPbHInsP,NLFPbHInsZ,NLFNHInsE,NLFNHInsM,NLFNHInsP,NLFNHInsZ,FamBwPvE,FamBwPvM,FamBwPvP,FamBwPvZ,FCU18BwPvE,FCU18BwPvM,FCU18BwPvP,FCU18BwPvZ,FCU5BwPvE,FCU5BwPvM,FCU5BwPvP,FCU5BwPvZ,FMcBwPvE,FMcBwPvM,FMcBwPvP,FMcBwPvZ,FMc18BwPvE,FMc18BwPvM,FMc18BwPvP,FMc18BwPvZ,FMc5BwPvE,FMc5BwPvM,FMc5BwPvP,FMc5BwPvZ,FNHBwPvE,FNHBwPvM,FNHBwPvP,FNHBwPvZ,FNH18BwPvE,FNH18BwPvM,FNH18BwPvP,FNH18BwPvZ,FNH5BwPvE,FNH5BwPvM,FNH5BwPvP,FNH5BwPvZ,PBwPvE,PBwPvM,PBwPvP,PBwPvZ,PU18BwPvE,PU18BwPvM,PU18BwPvP,PU18BwPvZ,PU18cBwPvE,PU18cBwPvM,PU18cBwPvP,PU18cBwPvZ,PU5cBwPvE,PU5cBwPvM,PU5cBwPvP,PU5cBwPvZ,PU517BwPvE,PU517BwPvM,PU517BwPvP,PU517BwPvZ,P18pBwPvE,P18pBwPvM,P18pBwPvP,P18pBwPvZ,P1864BwPvE,P1864BwPvM,P1864BwPvP,P1864BwPvZ,P65plBwPvE,P65plBwPvM,P65plBwPvP,P65plBwPvZ,P65pFBwPvE,P65pFBwPvM,P65pFBwPvP,P65pFBwPvZ,P6515BwPvE,P6515BwPvM,P6515BwPvP,P6515BwPvZ
005,2,3701,8,"Riverdale, Fieldston & Kingsbridge",104022,4731,104022,(X),89752,4145,86.3,1.6,60759,3384,58.4,2,37825,2652,36.4,2.4,14270,1861,13.7,1.6,22091,2202,22091,(X),898,505,4.1,2.2,67154,3326,67154,(X),51384,2910,51384,(X),45781,2685,45781,(X),36931,1980,80.7,2.9,31965,2103,69.8,2.7,5567,781,12.2,2,8850,1648,19.3,2.9,5603,861,5603,(X),3379,591,60.3,7.2,1792,443,32,6.9,1756,454,31.3,6.5,2224,580,39.7,7.2,15770,1409,15770,(X),13757,1330,87.2,2.8,7053,868,44.7,4.1,7687,1015,48.7,4.3,2013,476,12.8,2.8,(X),(X),13.7,2.1,(X),(X),20.9,3.6,(X),(X),7.5,4.8,(X),(X),6.1,1.9,(X),(X),8.3,3.4,(X),(X),5,4.1,(X),(X),25.4,4.6,(X),(X),34.9,6.8,(X),(X),12.9,12.2,(X),(X),17.3,2.2,(X),(X),25.8,4.7,(X),(X),25.8,4.7,(X),(X),23.8,6.2,(X),(X),26.9,5.2,(X),(X),15,1.8,(X),(X),15.4,2.1,(X),(X),13.3,2.7,(X),(X),16,2.7,(X),(X),22,2.8
005,2,3702,12,"Wakefield, Williamsbridge & Woodlawn",140889,5339,140889,(X),121594,4689,86.3,1,78822,3699,55.9,1.6,56531,3007,40.1,1.6,19295,1685,13.7,1,35551,2422,35551,(X),1469,388,4.1,1.1,89375,3510,89375,(X),67506,2887,67506,(X),57119,2552,57119,(X),48316,2264,84.6,1.4,41889,1967,73.3,1.6,7873,867,13.8,1.3,8803,918,15.4,1.4,10387,1026,10387,(X),6256,667,60.2,4.9,2613,469,25.2,4.1,4263,565,41,4.8,4131,750,39.8,4.9,21869,1544,21869,(X),17589,1335,80.4,2.9,8242,947,37.7,3.3,10920,1035,49.9,3.3,4280,723,19.6,2.9,(X),(X),18.7,2.1,(X),(X),25,2.8,(X),(X),19.2,6.3,(X),(X),7.9,1.8,(X),(X),8.9,2.7,(X),(X),1.8,2,(X),(X),29.5,3.6,(X),(X),37.8,5,(X),(X),30.1,11,(X),(X),20.3,1.8,(X),(X),30.9,3.5,(X),(X),30.7,3.5,(X),(X),30,5.4,(X),(X),30.9,4,(X),(X),16.8,1.5,(X),(X),17.2,1.6,(X),(X),14.5,2.7,(X),(X),18.6,2.1,(X),(X),30.8,3.1
005,2,3703,10,"Co-op City, Pelham Bay & Schuylerville",120874,5343,120874,(X),110471,5189,91.4,1.4,84070,4582,69.6,2.3,40669,2818,33.6,2.1,10403,1762,8.6,1.4,24476,2437,24476,(X),1358,609,5.5,2.4,75865,4012,75865,(X),57343,3288,57343,(X),50959,2940,50959,(X),45801,2908,89.9,2,42198,2670,82.8,2.5,4458,916,8.7,1.7,5158,1037,10.1,2,6384,1030,6384,(X),4657,976,72.9,8.4,2877,756,45.1,9.6,1910,662,29.9,8.6,1727,565,27.1,8.4,18522,1984,18522,(X),16623,1789,89.7,2.7,10631,1411,57.4,4.7,7428,1031,40.1,3.6,1899,561,10.3,2.7,(X),(X),9.8,1.9,(X),(X),11.6,2.9,(X),(X),13.9,7.6,(X),(X),4.7,1.6,(X),(X),3.9,2.4,(X),(X),0,4.2,(X),(X),21,5.1,(X),(X),23.2,6.9,(X),(X),42.3,26.1,(X),(X),12.1,2,(X),(X),15.3,4.8,(X),(X),15.1,4.8,(X),(X),17.3,7.1,(X),(X),14.4,5.1,(X),(X),11.2,1.7,(X),(X),10.6,2.1,(X),(X),13.5,2.9,(X),(X),9.8,2.3,(X),(X),22.4,3.7
005,2,3704,11,"Pelham Parkway, Morris Park & Laconia",122501,4378,122501,(X),105071,4079,85.8,1.3,65190,3242,53.2,1.9,52230,2798,42.6,1.7,17430,1656,14.2,1.3,29021,2027,29021,(X),1081,348,3.7,1.3,77621,3185,77621,(X),59563,2959,59563,(X),51057,2491,51057,(X),40812,2266,79.9,2.1,34538,2051,67.6,2.2,7973,836,15.6,1.5,10245,1176,20.1,2.1,8506,1165,8506,(X),6022,922,70.8,5.3,2636,489,31,4.4,3993,826,46.9,6.3,2484,569,29.2,5.3,18058,1115,18058,(X),14733,973,81.6,2.5,6342,637,35.1,3.2,9956,883,55.1,3.4,3325,511,18.4,2.5,(X),(X),17.1,1.8,(X),(X),25.1,3.1,(X),(X),20.9,6.7,(X),(X),10.1,2,(X),(X),14,3.4,(X),(X),9,5.9,(X),(X),26.9,3.5,(X),(X),37.1,4.7,(X),(X),36.9,12.2,(X),(X),19.9,1.8,(X),(X),28.8,3.8,(X),(X),28.6,3.8,(X),(X),28.6,5.5,(X),(X),28.6,4.2,(X),(X),17.2,1.4,(X),(X),17.4,1.7,(X),(X),16.5,2.8,(X),(X),17.8,2,(X),(X),29.9,3.1
005,2,3705,3 & 6,"Belmont, Crotona Park East & East Tremont",167467,4857,167467,(X),140656,4804,84,1.5,55355,2996,33.1,1.4,99912,3867,59.7,1.6,26811,2551,16,1.5,51058,2774,51058,(X),2858,847,5.6,1.6,103666,3003,103666,(X),66455,2802,66455,(X),53529,2563,53529,(X),38974,2080,72.8,2.7,26166,1589,48.9,2.3,15290,1163,28.6,1.9,14555,1758,27.2,2.7,12926,1287,12926,(X),9333,1141,72.2,4.8,2727,635,21.1,4.2,7590,1053,58.7,5.3,3593,703,27.8,4.8,37211,1615,37211,(X),31554,1452,84.8,1.9,8329,940,22.4,2.4,25765,1290,69.2,2.1,5657,772,15.2,1.9,(X),(X),41.2,2.4,(X),(X),48.5,2.9,(X),(X),35.9,7.6,(X),(X),24,3.9,(X),(X),26.8,4.9,(X),(X),15.8,8.8,(X),(X),52.5,3.2,(X),(X),58.5,3.6,(X),(X),53.1,9.7,(X),(X),43.5,2.1,(X),(X),53.7,3.2,(X),(X),53.5,3.2,(X),(X),55.1,4.5,(X),(X),52.9,3.4,(X),(X),39,2.2,(X),(X),39,2.2,(X),(X),39.7,4.3,(X),(X),41.4,2.5,(X),(X),52.7,2.3
005,2,3706,7,"Bedford Park, Fordham North & Norwood",122570,6176,122570,(X),102479,5278,83.6,1.7,41541,2915,33.9,2.1,69647,4698,56.8,2.4,20091,2430,16.4,1.7,33085,2666,33085,(X),1058,412,3.2,1.2,79429,4425,79429,(X),57061,3436,57061,(X),47880,3028,47880,(X),35807,2199,74.8,2.8,23565,1800,49.2,2.7,14064,1281,29.4,2.4,12073,1731,25.2,2.8,9181,1058,9181,(X),6191,905,67.4,5.8,1671,385,18.2,4,5084,858,55.4,6.1,2990,612,32.6,5.8,22368,2093,22368,(X),18636,1797,83.3,2.9,4610,798,20.6,3.2,15595,1684,69.7,3.8,3732,753,16.7,2.9,(X),(X),31,2.7,(X),(X),38.4,3,(X),(X),33,8.2,(X),(X),20.4,3.4,(X),(X),24.1,4.5,(X),(X),25.4,10.4,(X),(X),42,3.7,(X),(X),50.7,4.6,(X),(X),46.7,12.2,(X),(X),31.9,2.4,(X),(X),42.8,3.6,(X),(X),42.5,3.6,(X),(X),36.9,5.4,(X),(X),45.3,4.5,(X),(X),27.9,2.4,(X),(X),27.7,2.6,(X),(X),29.1,4,(X),(X),31,2.8,(X),(X),35.7,3.2
005,2,3707,5,"Morris Heights, Fordham South & Mount Hope",133755,3979,133755,(X),109488,3508,81.9,1.4,41046,2935,30.7,2,80392,3104,60.1,1.8,24267,2051,18.1,1.4,36831,2110,36831,(X),1403,448,3.8,1.2,87275,2817,87275,(X),60917,2485,60917,(X),50221,2312,50221,(X),35615,1902,70.9,2.3,21059,1565,41.9,2.4,16578,1293,33,2.2,14606,1416,29.1,2.3,10696,963,10696,(X),7332,764,68.5,5.4,1829,446,17.1,3.8,6028,719,56.4,5.8,3364,707,31.5,5.4,26358,1437,26358,(X),21733,1289,82.5,2.5,5345,690,20.3,2.6,18961,1272,71.9,2.7,4625,730,17.5,2.5,(X),(X),39.6,2.4,(X),(X),50.2,3.5,(X),(X),37.8,8,(X),(X),25.6,3.8,(X),(X),32,4.4,(X),(X),15,9.3,(X),(X),51.6,3.4,(X),(X),62,4.4,(X),(X),59.5,9.3,(X),(X),41.9,2.5,(X),(X),55.9,4.1,(X),(X),55.7,4.1,(X),(X),55.7,6.3,(X),(X),55.8,4.2,(X),(X),36.8,2.2,(X),(X),37.1,2.3,(X),(X),34.3,4.2,(X),(X),40.4,2.8,(X),(X),48.5,3.6
005,2,3708,4,"Concourse, Highbridge & Mount Eden",138231,6065,138231,(X),116617,5108,84.4,1.5,42016,2942,30.4,1.8,82318,4253,59.6,2.1,21614,2490,15.6,1.5,40416,2890,40416,(X),1768,543,4.4,1.3,86523,4094,86523,(X),58584,3119,58584,(X),48403,2766,48403,(X),36673,1967,75.8,2.6,22379,1843,46.2,2.9,15497,1351,32,2.8,11730,1635,24.2,2.6,10181,995,10181,(X),6932,757,68.1,5.9,1509,341,14.8,3.3,5761,731,56.6,6.1,3249,764,31.9,5.9,27939,2153,27939,(X),23244,1856,83.2,2.6,4775,726,17.1,2.7,19840,1868,71,3.2,4695,830,16.8,2.6,(X),(X),36.2,3.1,(X),(X),43.5,3.8,(X),(X),34.5,8.1,(X),(X),24.7,4.6,(X),(X),29.2,5.9,(X),(X),31.8,17,(X),(X),46.3,3.7,(X),(X),53.8,4.3,(X),(X),45.4,12.9,(X),(X),38.9,2.9,(X),(X),50,4.7,(X),(X),49.9,4.7,(X),(X),48.3,6.4,(X),(X),50.5,5.1,(X),(X),34.5,2.5,(X),(X),34.1,2.6,(X),(X),37.8,4.6,(X),(X),37.5,3.5,(X),(X),45.5,3
005,2,3709,9,"Castle Hill, Clason Point & Parkchester",185042,5222,185042,(X),156834,4724,84.8,1.3,82389,3711,44.5,1.8,91368,4008,49.4,1.7,28208,2726,15.2,1.3,46348,2437,46348,(X),1871,542,4,1.2,117590,4025,117590,(X),82476,2936,82476,(X),70800,2916,70800,(X),54958,2262,77.6,2,42854,2085,60.5,2.3,14597,1290,20.6,1.7,15842,1757,22.4,2,11676,1247,11676,(X),8033,922,68.8,5.9,2363,412,20.2,4.2,6154,979,52.7,5.8,3643,874,31.2,5.9,35114,2317,35114,(X),28599,1868,81.4,2.3,9922,1058,28.3,2.9,21046,1814,59.9,3.2,6515,996,18.6,2.3,(X),(X),26.1,2.2,(X),(X),35.3,3.4,(X),(X),23,6.5,(X),(X),14.2,2.4,(X),(X),18.2,3.6,(X),(X),18.9,9.2,(X),(X),37.8,3.2,(X),(X),46.7,4.5,(X),(X),30.4,11.6,(X),(X),29,2.2,(X),(X),40.9,4.2,(X),(X),40.9,4.2,(X),(X),39.1,5.5,(X),(X),41.6,4.5,(X),(X),25,1.8,(X),(X),25.1,1.9,(X),(X),24.7,2.9,(X),(X),27.3,2.6,(X),(X),37.4,3.2
005,2,3710,1 & 2,"Hunts Point, Longwood & Melrose",148764,6529,148764,(X),123191,5741,82.8,1.2,40657,3324,27.3,2,92353,5391,62.1,2.1,25573,2101,17.2,1.2,46372,3521,46372,(X),1491,371,3.2,0.8,90449,3714,90449,(X),57305,3057,57305,(X),48256,2820,48256,(X),32550,2093,67.5,2.8,20904,1843,43.3,2.8,13628,1166,28.2,2.3,15706,1758,32.5,2.8,9049,939,9049,(X),6854,757,75.7,3.8,1232,312,13.6,3.1,6127,680,67.7,4,2195,433,24.3,3.8,33144,2208,33144,(X),27357,1850,82.5,2.2,4836,749,14.6,2.2,24112,1819,72.7,2.6,5787,881,17.5,2.2,(X),(X),41.2,2.8,(X),(X),49.4,3.1,(X),(X),45,7.3,(X),(X),25.3,4.2,(X),(X),27.8,5.2,(X),(X),20.5,10.2,(X),(X),51.1,3.3,(X),(X),59,3.5,(X),(X),56.8,9.5,(X),(X),43.2,2.6,(X),(X),54.8,3.5,(X),(X),54.6,3.5,(X),(X),54.7,5.3,(X),(X),54.5,3.5,(X),(X),38.1,2.4,(X),(X),37.7,2.6,(X),(X),40.6,3.9,(X),(X),42.1,3.1,(X),(X),48,3
061,1,3801,12,"Washington Heights, Inwood & Marble Hill",210142,6579,210142,(X),174240,6184,82.9,1.3,86703,4292,41.3,1.8,102786,5368,48.9,1.9,35902,2951,17.1,1.3,38325,2615,38325,(X),1685,504,4.4,1.3,146641,5340,146641,(X),111598,4670,111598,(X),94057,4147,94057,(X),72699,3837,77.3,2,53033,3046,56.4,2.3,23097,2262,24.6,2,21358,2092,22.7,2,17541,1954,17541,(X),11168,1654,63.7,5.1,3017,841,17.2,4.1,8946,1341,51,5,6373,1046,36.3,5.1,35043,2229,35043,(X),29205,2005,83.3,2.8,9936,1139,28.4,2.9,21427,1827,61.1,3.4,5838,1097,16.7,2.8,(X),(X),24.2,2.2,(X),(X),32.2,3.3,(X),(X),17.6,5,(X),(X),14,2.5,(X),(X),16.2,4,(X),(X),10,7.2,(X),(X),36.7,3.7,(X),(X),47.7,5.5,(X),(X),38.3,12.4,(X),(X),26.7,1.9,(X),(X),37,3.8,(X),(X),36.5,3.8,(X),(X),32.8,5.6,(X),(X),38.5,4.5,(X),(X),24.5,1.8,(X),(X),24.2,2,(X),(X),26,2.9,(X),(X),24.4,2.4,(X),(X),33.5,2.3
061,1,3802,9,"Hamilton Heights, Manhattanville & West Harlem",131850,5410,131850,(X),112895,4993,85.6,1.7,72249,4215,54.8,2.6,47762,3911,36.2,2.6,18955,2410,14.4,1.7,20628,1915,20628,(X),1612,619,7.8,3,96679,4578,96679,(X),63858,3589,63858,(X),57265,3257,57265,(X),47010,2863,82.1,2.6,39211,2642,68.5,3.2,8374,1315,14.6,2.1,10255,1652,17.9,2.6,6593,1226,6593,(X),4624,987,70.1,7.3,2113,617,32,7,2511,676,38.1,7.8,1969,609,29.9,7.3,32821,2721,32821,(X),28121,2494,85.7,3,16187,1807,49.3,4.3,12850,1969,39.2,4.8,4700,1062,14.3,3,(X),(X),22,2.7,(X),(X),30.2,4.6,(X),(X),28.7,10.2,(X),(X),9.7,3,(X),(X),9.7,4.4,(X),(X),10.7,12.5,(X),(X),36.2,4.8,(X),(X),47,7.4,(X),(X),43,18.6,(X),(X),27.6,2.3,(X),(X),35.3,5.6,(X),(X),35.3,5.6,(X),(X),39.3,9,(X),(X),33.6,5.6,(X),(X),26.1,2.4,(X),(X),25.8,2.5,(X),(X),27.8,3.7,(X),(X),23.5,3.1,(X),(X),35.7,3.3
061,1,3803,10,Central Harlem,135994,5885,135994,(X),116913,5055,86,1.3,63586,3866,46.8,2.2,61854,3861,45.5,2.1,19081,2080,14,1.3,30059,2359,30059,(X),1233,491,4.1,1.6,93021,4069,93021,(X),64570,2840,64570,(X),56063,2746,56063,(X),45259,2114,80.7,2.1,37047,2024,66.1,2.8,9047,1300,16.1,2.1,10804,1472,19.3,2.1,8507,1079,8507,(X),6434,942,75.6,4.5,2090,547,24.6,5.8,4659,885,54.8,6.4,2073,434,24.4,4.5,28451,2088,28451,(X),23591,1846,82.9,3.1,7132,1036,25.1,3.4,17820,1656,62.6,3.3,4860,983,17.1,3.1,(X),(X),25.6,3,(X),(X),32.9,4.2,(X),(X),32.6,9.8,(X),(X),11.1,3.4,(X),(X),13.3,5.2,(X),(X),9.6,8.8,(X),(X),35.8,4.5,(X),(X),45.2,5.7,(X),(X),53.6,13.8,(X),(X),28.9,2.5,(X),(X),37.6,5.2,(X),(X),37.2,5.1,(X),(X),40.3,7.7,(X),(X),35.8,5.4,(X),(X),26.4,2.2,(X),(X),26.2,2.3,(X),(X),27.8,3.8,(X),(X),26.8,3.2,(X),(X),33.9,2.6
061,1,3804,11,East Harlem,118146,5058,118146,(X),97785,4329,82.8,1.7,51519,3242,43.6,2.3,53050,3531,44.9,2.4,20361,2325,17.2,1.7,25385,2439,25385,(X),2002,563,7.9,2.2,79638,3499,79638,(X),53262,2706,53262,(X),47087,2545,47087,(X),36068,2018,76.6,2.7,30568,1999,64.9,3,6410,924,13.6,1.9,11019,1523,23.4,2.7,6175,926,6175,(X),4206,785,68.1,6.1,1457,373,23.6,5.7,3015,740,48.8,7.7,1969,446,31.9,6.1,26376,1891,26376,(X),21327,1752,80.9,3.5,6261,1076,23.7,3.8,16176,1527,61.3,4,5049,991,19.1,3.5,(X),(X),26.7,2.8,(X),(X),34.8,4.2,(X),(X),21.5,8.5,(X),(X),13.6,3.1,(X),(X),14.8,4.7,(X),(X),5.1,5.7,(X),(X),39,4.2,(X),(X),46.5,6,(X),(X),42,17,(X),(X),31,2.4,(X),(X),42.2,5.1,(X),(X),42,5.2,(X),(X),45.1,6.9,(X),(X),40.8,5.6,(X),(X),27.9,2.2,(X),(X),26.8,2.3,(X),(X),34.3,4.3,(X),(X),28.3,3.1,(X),(X),38.2,3.2
061,1,3805,8,Upper East Side,215231,6126,215231,(X),203201,5934,94.4,0.9,183399,5938,85.2,1.2,44690,2226,20.8,1.2,12030,1926,5.6,0.9,30783,2259,30783,(X),979,456,3.2,1.5,143331,5317,143331,(X),120197,4932,120197,(X),114313,4692,114313,(X),108596,4593,95,1,107399,4624,94,1.1,1805,560,1.6,0.5,5717,1205,5,1,5884,1163,5884,(X),3355,802,57,10.3,2736,655,46.5,8.9,756,452,12.8,7.4,2529,856,43,10.3,23134,1810,23134,(X),20743,1694,89.7,2.9,17951,1618,77.6,4,3438,680,14.9,2.7,2391,721,10.3,2.9,(X),(X),3.8,1.1,(X),(X),3.4,1.4,(X),(X),0,1,(X),(X),2.4,1,(X),(X),2,1.4,(X),(X),0,1.1,(X),(X),12,5.1,(X),(X),9.9,6.2,(X),(X),0,8.1,(X),(X),7,1,(X),(X),4.3,2.1,(X),(X),4.3,2.1,(X),(X),3.5,2.6,(X),(X),4.8,2.1,(X),(X),7.4,1,(X),(X),7.1,1.1,(X),(X),8.3,2.6,(X),(X),4,1.1,(X),(X),11.3,1.5
061,1,3806,7,Upper West Side & West Side,190236,6294,190236,(X),177931,6024,93.5,1,151678,5749,79.7,1.7,48453,3290,25.5,1.7,12305,2062,6.5,1,28719,2918,28719,(X),552,363,1.9,1.3,127973,5116,127973,(X),105483,4815,105483,(X),98701,4796,98701,(X),92077,4578,93.3,1.2,89910,4440,91.1,1.4,3303,810,3.3,0.8,6624,1281,6.7,1.2,6782,1060,6782,(X),4659,763,68.7,7.2,3005,588,44.3,6.8,1825,541,26.9,7.4,2123,652,31.3,7.2,22490,2110,22490,(X),19859,1934,88.3,4.2,14715,1547,65.4,4.7,6638,1152,29.5,4.4,2631,1018,11.7,4.2,(X),(X),7.4,1.9,(X),(X),9.3,3.5,(X),(X),1.2,1.4,(X),(X),2.8,1.1,(X),(X),2.5,1.9,(X),(X),0.8,1.3,(X),(X),29,7.8,(X),(X),39.8,14.2,(X),(X),6,9.4,(X),(X),11.2,1.4,(X),(X),12.5,5.3,(X),(X),12.4,5.3,(X),(X),5.7,3.8,(X),(X),17,6.7,(X),(X),11,1.1,(X),(X),10.8,1.3,(X),(X),11.6,2.1,(X),(X),8.9,2.3,(X),(X),14.7,1.7
061,1,3807,4 & 5,"Chelsea, Clinton & Midtown Business Distric",143528,4551,143528,(X),131183,4810,91.4,1.3,114144,4079,79.5,2,27814,3023,19.4,1.8,12345,1801,8.6,1.3,12520,2241,12520,(X),422,320,3.4,2.6,114552,3496,114552,(X),95966,3467,95966,(X),88965,3286,88965,(X),81769,3294,91.9,1.6,79276,3207,89.1,1.6,3305,676,3.7,0.8,7196,1417,8.1,1.6,7001,1065,7001,(X),5233,925,74.7,5.5,3949,695,56.4,6.2,1371,491,19.6,5.8,1768,449,25.3,5.5,18586,1617,18586,(X),16020,1334,86.2,3.4,12289,1314,66.1,4.7,4793,782,25.8,4.2,2566,735,13.8,3.4,(X),(X),7.3,2.2,(X),(X),14,5,(X),(X),5.8,5.6,(X),(X),4,1.9,(X),(X),6.8,5.2,(X),(X),2.3,2.6,(X),(X),20.7,8.4,(X),(X),34.6,14.9,(X),(X),26.7,29.7,(X),(X),12.7,1.6,(X),(X),20.9,11.6,(X),(X),20.7,11.7,(X),(X),10.8,6.2,(X),(X),27.5,16.6,(X),(X),11.9,1.1,(X),(X),11.5,1.1,(X),(X),14.3,2.4,(X),(X),9.8,3.8,(X),(X),14.6,1.4
061,1,3808,6,"Murray Hill, Gramercy & Stuyvesant Town",145937,5183,145937,(X),137435,5057,94.2,1.2,124553,4996,85.3,1.7,27425,2186,18.8,1.5,8502,1750,5.8,1.2,10229,1388,10229,(X),177,188,1.7,1.8,113008,4527,113008,(X),93438,4046,93438,(X),88864,3767,88864,(X),84724,3706,95.3,1,83691,3843,94.2,1.2,1529,697,1.7,0.8,4140,878,4.7,1,4574,988,4574,(X),3382,820,73.9,7.4,2897,770,63.3,11.3,672,426,14.7,8.5,1192,407,26.1,7.4,19570,2289,19570,(X),16810,2143,85.9,5.7,14022,2037,71.7,6.3,3147,761,16.1,3.8,2760,1189,14.1,5.7,(X),(X),4.7,1.5,(X),(X),5.4,3.3,(X),(X),1.6,2.7,(X),(X),2.1,1.1,(X),(X),1,1.5,(X),(X),0,1.8,(X),(X),19.2,7.7,(X),(X),22.4,18.3,(X),(X),32.5,43.6,(X),(X),10.3,1.5,(X),(X),4.7,3.2,(X),(X),4.7,3.2,(X),(X),1,1.8,(X),(X),8.5,6.5,(X),(X),10.7,1.6,(X),(X),11.4,1.9,(X),(X),7.5,2.2,(X),(X),4.6,1.4,(X),(X),14.3,2.4
061,1,3809,3,Chinatown & Lower East Side,164180,6207,164180,(X),145955,5483,88.9,1.2,82889,4186,50.5,2.3,72037,4678,43.9,2,18225,2231,11.1,1.2,21154,1982,21154,(X),824,443,3.9,2,118718,4935,118718,(X),85255,4400,85255,(X),77825,4069,77825,(X),66377,3338,85.3,2.1,53814,3029,69.1,2.9,13695,1817,17.6,2,11448,1885,14.7,2.1,7430,1233,7430,(X),5476,903,73.7,6.6,2003,497,27,5.1,3913,747,52.7,7.4,1954,659,26.3,6.6,33463,2561,33463,(X),29563,2422,88.3,2.3,12532,1469,37.5,4,18741,2086,56,3.7,3900,813,11.7,2.3,(X),(X),26.8,2.6,(X),(X),34.8,4.4,(X),(X),18,9.3,(X),(X),23.4,2.9,(X),(X),23.7,4.9,(X),(X),8.5,9.4,(X),(X),35.6,5.7,(X),(X),50.7,8.6,(X),(X),47,21.3,(X),(X),27.7,2.1,(X),(X),39.3,5.1,(X),(X),39,5.1,(X),(X),30.2,8.6,(X),(X),42.2,6.1,(X),(X),26,2,(X),(X),24.2,2,(X),(X),34.7,4.7,(X),(X),28.4,3.1,(X),(X),26.7,2.1
061,1,3810,1 & 2,"Battery Park City, Greenwich Village & Soho",151674,5970,151674,(X),144554,5983,95.3,0.7,133328,5810,87.9,1.1,20155,1724,13.3,1.1,7120,1018,4.7,0.7,19340,2355,19340,(X),242,171,1.3,0.9,116863,4360,116863,(X),96799,3941,96799,(X),92588,3846,92588,(X),88593,3735,95.7,0.8,87248,3696,94.2,0.9,1600,393,1.7,0.4,3995,756,4.3,0.8,4211,843,4211,(X),3429,641,81.4,8,3006,582,71.4,10,431,260,10.2,5.5,782,418,18.6,8,20064,1624,20064,(X),18010,1564,89.8,2.3,15806,1435,78.8,3.2,2520,565,12.6,2.6,2054,485,10.2,2.3,(X),(X),4.6,1.3,(X),(X),5.1,1.9,(X),(X),2.4,2.8,(X),(X),3.2,1.2,(X),(X),2.4,1.6,(X),(X),0.8,1.3,(X),(X),15.4,7.9,(X),(X),18.4,10.7,(X),(X),18.6,27.1,(X),(X),7.5,1,(X),(X),5.3,2.2,(X),(X),4.5,2,(X),(X),2.3,2.3,(X),(X),6,3,(X),(X),7.8,1,(X),(X),7.1,0.9,(X),(X),12.7,3.2,(X),(X),4.2,1.3,(X),(X),10.8,1.3
085,5,3901,3,"Tottenville, Great Kills & Annadale",163779,4411,163779,(X),155244,4104,94.8,0.8,129758,4340,79.2,1.5,41784,2318,25.5,1.4,8535,1306,5.2,0.8,34984,1908,34984,(X),929,372,2.7,1.1,104431,3296,104431,(X),76134,2695,76134,(X),70916,2732,70916,(X),66975,2597,94.4,0.9,64343,2618,90.7,1.3,3433,689,4.8,1,3941,703,5.6,0.9,5218,657,5218,(X),4090,511,78.4,6.2,3099,468,59.4,5.8,1191,265,22.8,5.1,1128,393,21.6,6.2,28297,1581,28297,(X),25808,1448,91.2,1.8,19639,1360,69.4,3.3,8130,944,28.7,2.9,2489,550,8.8,1.8,(X),(X),5,1.1,(X),(X),6.5,2,(X),(X),8.1,4.3,(X),(X),2.7,0.8,(X),(X),2.8,1.2,(X),(X),4.4,3.7,(X),(X),14.9,4.9,(X),(X),22.5,8,(X),(X),21.9,22.8,(X),(X),6.2,1.1,(X),(X),6.7,2.4,(X),(X),6.4,2.4,(X),(X),7.2,4.3,(X),(X),6.1,2.3,(X),(X),6.1,1,(X),(X),5.7,1.1,(X),(X),7.6,1.6,(X),(X),4.7,1.2,(X),(X),19.5,2.8
085,5,3902,2,New Springville & South Beach,129116,3845,129116,(X),119219,3875,92.3,1,89808,3655,69.6,1.7,41013,2135,31.8,1.6,9897,1279,7.7,1,26755,2009,26755,(X),899,346,3.4,1.3,82989,2580,82989,(X),60369,2185,60369,(X),56331,2092,56331,(X),50786,2058,90.2,1.5,46272,1969,82.1,1.7,5112,808,9.1,1.4,5545,900,9.8,1.5,4038,507,4038,(X),3238,457,80.2,5.6,2062,343,51.1,6.9,1297,306,32.1,6,800,253,19.8,5.6,22620,1456,22620,(X),20120,1408,88.9,2.4,13245,1314,58.6,4.4,8206,963,36.3,3.8,2500,573,11.1,2.4,(X),(X),7.4,1.6,(X),(X),10,3,(X),(X),12.9,6.8,(X),(X),4,1.3,(X),(X),3.9,2,(X),(X),2.7,2.5,(X),(X),24,5.7,(X),(X),36.2,9.4,(X),(X),58.4,19.8,(X),(X),9.2,1.5,(X),(X),10.3,3.1,(X),(X),9.9,3,(X),(X),10.5,4.2,(X),(X),9.6,3.3,(X),(X),9,1.3,(X),(X),9.1,1.5,(X),(X),8.3,2.4,(X),(X),7.2,1.6,(X),(X),23.3,3.6
085,5,3903,1,"Port Richmond, Stapleton & Mariner's Harbor",174719,4781,174719,(X),155039,4667,88.7,0.9,106893,4588,61.2,2,61117,3901,35,2.1,19680,1682,11.3,0.9,45343,1993,45343,(X),1533,433,3.4,1,111133,3167,111133,(X),77240,2605,77240,(X),70447,2597,70447,(X),60146,2565,85.4,1.6,53715,2507,76.2,1.8,7912,1063,11.2,1.5,10301,1130,14.6,1.6,6793,832,6793,(X),4666,696,68.7,6.3,2400,465,35.3,5.4,2535,557,37.3,7.2,2127,512,31.3,6.3,33893,1639,33893,(X),28343,1686,83.6,2,15926,1306,47,3.1,13763,1345,40.6,3.2,5550,675,16.4,2,(X),(X),16.1,1.8,(X),(X),22.5,2.8,(X),(X),19.4,6.4,(X),(X),7.7,1.3,(X),(X),10.3,2.1,(X),(X),9.2,5,(X),(X),33.4,4.6,(X),(X),41.7,5.9,(X),(X),37.1,14.7,(X),(X),19.8,1.9,(X),(X),29,3.8,(X),(X),28.8,3.9,(X),(X),31.2,6.3,(X),(X),27.8,3.6,(X),(X),16.6,1.5,(X),(X),16.9,1.7,(X),(X),14.2,2.5,(X),(X),17.8,2.1,(X),(X),31.1,2.5
047,3,4001,1,Greenpoint & Williamsburg,149568,4668,149568,(X),128337,3994,85.8,0.9,74836,3014,50,1.9,59599,3785,39.8,2,21231,1672,14.2,0.9,32023,2230,32023,(X),909,390,2.8,1.2,105132,3458,105132,(X),81241,2653,81241,(X),75589,2447,75589,(X),61887,2112,81.9,1.3,52384,2048,69.3,1.6,10639,913,14.1,1.2,13702,1124,18.1,1.3,5652,727,5652,(X),3371,521,59.6,6.2,1706,353,30.2,5.8,1709,409,30.2,6,2281,484,40.4,6.2,23891,1881,23891,(X),19665,1675,82.3,2.5,7426,886,31.1,3.3,13189,1495,55.2,3.9,4226,683,17.7,2.5,(X),(X),26.6,2.5,(X),(X),41,3.8,(X),(X),36.1,6.7,(X),(X),24.2,2.6,(X),(X),38.9,4.1,(X),(X),33.7,7.2,(X),(X),33.9,4.8,(X),(X),47.8,8.1,(X),(X),43.8,19.1,(X),(X),29.6,2.2,(X),(X),51.9,4.7,(X),(X),51.8,4.7,(X),(X),53.4,4.9,(X),(X),50.9,5.7,(X),(X),23.6,1.7,(X),(X),22.8,1.8,(X),(X),30.1,3.5,(X),(X),34.6,3.1,(X),(X),20.3,1.8
047,3,4002,4,Bushwick,142563,4557,142563,(X),105191,3777,73.8,1.5,45801,2597,32.1,1.7,65009,3450,45.6,1.7,37372,2595,26.2,1.5,33580,1960,33580,(X),1375,405,4.1,1.2,97745,3292,97745,(X),75449,3176,75449,(X),63455,2688,63455,(X),38644,2038,60.9,2.1,29901,1816,47.1,2.2,9514,970,15,1.4,24811,1779,39.1,2.1,11994,1326,11994,(X),6893,790,57.5,5.6,1809,383,15.1,3.1,5338,766,44.5,5.6,5101,1034,42.5,5.6,22296,1807,22296,(X),16697,1634,74.9,3.4,4234,708,19,2.9,13329,1542,59.8,4.1,5599,841,25.1,3.4,(X),(X),27.5,2.2,(X),(X),35,3.2,(X),(X),26.4,7.6,(X),(X),17.7,3.2,(X),(X),22.7,4.7,(X),(X),19.3,10,(X),(X),37.6,4,(X),(X),46.1,5.2,(X),(X),31.9,12.2,(X),(X),30.4,2,(X),(X),42.1,3.7,(X),(X),41.7,3.7,(X),(X),42,5.6,(X),(X),41.5,4,(X),(X),26.8,1.9,(X),(X),26,1.9,(X),(X),33.7,5,(X),(X),28.4,2.4,(X),(X),36.2,2.7
047,3,4003,3,Bedford-Stuyvesant,137470,4437,137470,(X),120798,3748,87.9,1.1,61828,3205,45,1.7,70079,2613,51,1.6,16672,1704,12.1,1.1,38646,2500,38646,(X),1400,446,3.6,1.1,87192,3170,87192,(X),63962,2518,63962,(X),53565,2270,53565,(X),44832,2060,83.7,1.9,35826,1829,66.9,2,10945,819,20.4,1.4,8733,1118,16.3,1.9,10397,1060,10397,(X),7267,807,69.9,3.7,2373,438,22.8,4,5611,781,54,5.3,3130,523,30.1,3.7,23230,1660,23230,(X),19979,1351,86,2.4,6384,784,27.5,2.5,15138,1113,65.2,3.6,3251,669,14,2.4,(X),(X),29.1,2,(X),(X),38.8,2.8,(X),(X),29.9,7,(X),(X),21.3,2.9,(X),(X),31.5,4.4,(X),(X),23.1,8.4,(X),(X),38,3.6,(X),(X),46.6,4.8,(X),(X),38.3,11.2,(X),(X),33.4,1.8,(X),(X),48.3,3.6,(X),(X),48.2,3.6,(X),(X),48.8,4.7,(X),(X),47.9,3.7,(X),(X),27.7,1.6,(X),(X),27.2,1.6,(X),(X),31.4,3.2,(X),(X),33.5,2.4,(X),(X),33.2,2.3
047,3,4004,2,Brooklyn Heights & Fort Greene,126019,4363,126019,(X),113906,4027,90.4,0.9,86420,3061,68.6,1.4,36187,2448,28.7,1.5,12113,1288,9.6,0.9,21409,1984,21409,(X),588,283,2.7,1.3,91812,3044,91812,(X),71388,2694,71388,(X),64470,2547,64470,(X),57523,2266,89.2,1.2,53611,2101,83.2,1.5,4655,708,7.2,1,6947,889,10.8,1.2,6918,740,6918,(X),4894,698,70.7,5.1,3002,466,43.4,4.7,2247,473,32.5,5.4,2024,359,29.3,5.1,20424,1479,20424,(X),18033,1422,88.3,2.8,10990,1081,53.8,3.5,8208,804,40.2,3,2391,601,11.7,2.8,(X),(X),15.3,1.6,(X),(X),23.7,3.3,(X),(X),13.3,4.6,(X),(X),6.7,1.5,(X),(X),11,3,(X),(X),2.5,1.8,(X),(X),34.5,4.2,(X),(X),43.2,6.5,(X),(X),44.7,14.3,(X),(X),20.4,1.7,(X),(X),30.3,5,(X),(X),30.1,4.9,(X),(X),23.7,5.2,(X),(X),34.4,5.8,(X),(X),18.3,1.4,(X),(X),18.4,1.6,(X),(X),18.2,3.2,(X),(X),18.1,2.3,(X),(X),24.3,1.8
047,3,4005,6,"Park Slope, Carroll Gardens & Red Hook",112440,4303,112440,(X),101678,4066,90.4,1.1,87657,3531,78,1.7,20048,1873,17.8,1.4,10762,1334,9.6,1.1,21187,1991,21187,(X),494,287,2.3,1.4,81246,3009,81246,(X),69831,2530,69831,(X),65214,2347,65214,(X),58285,2240,89.4,1.3,56601,2213,86.8,1.5,2068,472,3.2,0.7,6929,885,10.6,1.3,4617,700,4617,(X),3222,599,69.8,6.9,2234,549,48.4,8.1,988,287,21.4,5.9,1395,367,30.2,6.9,11415,1094,11415,(X),9631,949,84.4,3.7,6452,754,56.5,4.2,3924,617,34.4,4.4,1784,480,15.6,3.7,(X),(X),8,1.7,(X),(X),9.3,2.4,(X),(X),2.3,2.1,(X),(X),3.5,1.3,(X),(X),2.2,1.3,(X),(X),0,1.5,(X),(X),23.1,6.6,(X),(X),30.1,8.3,(X),(X),16.3,15.9,(X),(X),10.5,1.3,(X),(X),11.5,3.5,(X),(X),11.5,3.5,(X),(X),4.7,2.1,(X),(X),15.9,5,(X),(X),10.3,1.1,(X),(X),9.3,1.2,(X),(X),18.6,3.8,(X),(X),8.6,1.9,(X),(X),14.8,1.7
047,3,4006,8,Crown Heights North & Prospect Heights,124152,4643,124152,(X),104162,3889,83.9,1.2,63679,3018,51.3,1.9,49910,3133,40.2,1.9,19990,1823,16.1,1.2,25621,1878,25621,(X),1137,406,4.4,1.6,85208,3367,85208,(X),64271,2746,64271,(X),56412,2624,56412,(X),45491,2142,80.6,1.9,39312,1994,69.7,2.3,7044,802,12.5,1.3,10921,1312,19.4,1.9,7859,760,7859,(X),5306,554,67.5,4.8,1730,357,22,4.2,3847,504,49,5.3,2553,495,32.5,4.8,20937,1602,20937,(X),15984,1351,76.3,3.2,6878,766,32.9,2.8,11051,1201,52.8,3.6,4953,790,23.7,3.2,(X),(X),25.7,2.6,(X),(X),33.7,3.9,(X),(X),35.9,8.5,(X),(X),11.9,2.9,(X),(X),16.1,5.1,(X),(X),16.3,10.2,(X),(X),38.3,4,(X),(X),45.9,5.5,(X),(X),55.8,14.1,(X),(X),26.9,2,(X),(X),37.7,4.2,(X),(X),37.2,4.2,(X),(X),39,6.8,(X),(X),36.3,4.7,(X),(X),24.1,1.6,(X),(X),23.1,1.7,(X),(X),30.2,4.3,(X),(X),26.8,2.8,(X),(X),27.1,2.3
047,3,4007,16,Brownsville & Ocean Hill,126041,5250,126041,(X),109364,5179,86.8,1.2,48698,2725,38.6,1.6,69662,4566,55.3,2.1,16677,1425,13.2,1.2,37481,2440,37481,(X),1549,470,4.1,1.2,77693,3369,77693,(X),50742,2455,50742,(X),42926,2253,42926,(X),35227,1919,82.1,2,26568,1626,61.9,2.3,10495,1356,24.4,2.8,7699,982,17.9,2,7816,822,7816,(X),5647,720,72.2,4.6,1690,357,21.6,4.1,4350,627,55.7,5.1,2169,409,27.8,4.6,26951,1757,26951,(X),21985,1652,81.6,2.6,5952,744,22.1,2.4,17557,1582,65.1,3.3,4966,734,18.4,2.6,(X),(X),34.9,2.2,(X),(X),43,2.7,(X),(X),37.1,7.2,(X),(X),15,3.2,(X),(X),19.5,4.7,(X),(X),11,9.9,(X),(X),44.5,3.1,(X),(X),51.6,3.4,(X),(X),47.6,10.1,(X),(X),36.7,2,(X),(X),50.5,3.1,(X),(X),50.3,3.1,(X),(X),52,4.6,(X),(X),49.5,3.4,(X),(X),30.9,1.8,(X),(X),30.9,2,(X),(X),31.1,3.6,(X),(X),35.5,2.3,(X),(X),42.1,3.4
047,3,4008,5,East New York & Starrett City,154119,5120,154119,(X),135012,5008,87.6,1,70028,4099,45.4,1.9,73156,3279,47.5,1.8,19107,1573,12.4,1,42605,2567,42605,(X),1674,518,3.9,1.2,97019,3424,97019,(X),62882,2527,62882,(X),54364,2391,54364,(X),46212,2384,85,1.6,36803,2237,67.7,2.3,10761,975,19.8,1.7,8152,879,15,1.6,8518,992,8518,(X),5999,762,70.4,4.5,2344,562,27.5,5.5,3927,550,46.1,4.8,2519,506,29.6,4.5,34137,1978,34137,(X),27600,1864,80.9,2.2,8430,1203,24.7,2.9,20290,1415,59.4,3.1,6537,801,19.1,2.2,(X),(X),28.8,2.2,(X),(X),35,2.8,(X),(X),26.5,6.9,(X),(X),19.4,3,(X),(X),22.6,4.3,(X),(X),19,8.8,(X),(X),38.1,3.6,(X),(X),45,4.1,(X),(X),30.2,12.1,(X),(X),31.5,2.1,(X),(X),39.2,3.1,(X),(X),39,3.1,(X),(X),39.5,5.3,(X),(X),38.8,3.4,(X),(X),28.6,2,(X),(X),28.1,2.1,(X),(X),31.6,4,(X),(X),29.9,2.4,(X),(X),40.8,2.9
047,3,4009,18,Canarsie & Flatlands,202155,5122,202155,(X),182857,4740,90.5,0.6,130710,3611,64.7,1.1,67684,3049,33.5,1.1,19298,1342,9.5,0.6,46729,1979,46729,(X),2091,469,4.5,1,130638,3724,130638,(X),100465,2685,100465,(X),89263,2398,89263,(X),79974,2182,89.6,0.8,70977,2045,79.5,1.2,10375,891,11.6,0.9,9289,750,10.4,0.8,11202,1002,11202,(X),8036,818,71.7,3.9,3877,507,34.6,3.7,4473,625,39.9,4,3166,526,28.3,3.9,30173,1722,30173,(X),25816,1565,85.6,1.6,14647,1129,48.5,2.3,12803,1081,42.4,2.5,4357,530,14.4,1.6,(X),(X),9.9,0.9,(X),(X),14.7,1.6,(X),(X),10.2,4,(X),(X),5.4,1,(X),(X),7.9,1.7,(X),(X),3.9,3.1,(X),(X),16.3,1.9,(X),(X),22.1,3,(X),(X),19.1,8.1,(X),(X),12.4,1.1,(X),(X),18,2.2,(X),(X),17.8,2.3,(X),(X),18.5,3.9,(X),(X),17.6,2.2,(X),(X),10.8,1,(X),(X),10.5,1,(X),(X),12.2,1.6,(X),(X),10.6,1.2,(X),(X),26.4,2.4
047,3,4010,17,"East Flatbush, Farragut & Rugby",134062,4661,134062,(X),113558,4541,84.7,1.1,67072,2984,50,1.6,55822,3051,41.6,1.4,20504,1529,15.3,1.1,29628,1812,29628,(X),1330,364,4.5,1.2,86310,3213,86310,(X),63780,2376,63780,(X),55948,2119,55948,(X),45791,2066,81.8,1.8,37900,1754,67.7,2,8651,975,15.5,1.5,10157,1055,18.2,1.8,7832,837,7832,(X),4803,666,61.3,4.9,1720,361,22,4,3276,588,41.8,5.6,3029,484,38.7,4.9,22530,1590,22530,(X),17148,1286,76.1,2.7,6756,725,30,2.8,11342,1012,50.3,2.7,5382,748,23.9,2.7,(X),(X),14.8,1.5,(X),(X),20.8,2.2,(X),(X),16.3,6.1,(X),(X),7.8,1.8,(X),(X),10.5,3.1,(X),(X),8.7,6.5,(X),(X),21.3,2.8,(X),(X),28.4,4,(X),(X),25.2,10.5,(X),(X),17.7,1.5,(X),(X),24.3,2.9,(X),(X),24.1,3,(X),(X),24.8,5.6,(X),(X),23.8,3.2,(X),(X),15.8,1.3,(X),(X),16,1.4,(X),(X),14.9,2.5,(X),(X),14.7,1.6,(X),(X),33,3
047,3,4011,9,"Crown Heights South, Prospect Lefferts & Wingate",109794,4021,109794,(X),93945,3341,85.6,1.2,54136,3104,49.3,2.2,48585,2742,44.3,2.1,15849,1627,14.4,1.2,25863,2240,25863,(X),852,318,3.3,1.2,69941,2686,69941,(X),52702,2255,52702,(X),44743,1910,44743,(X),36271,1641,81.1,2.2,29700,1734,66.4,2.8,8020,962,17.9,2.1,8472,1137,18.9,2.2,7959,1051,7959,(X),4987,718,62.7,5.2,1844,452,23.2,5.1,3295,558,41.4,5.2,2972,609,37.3,5.2,17239,1412,17239,(X),14020,1210,81.3,3.6,5116,675,29.7,3.4,9632,1080,55.9,4.6,3219,716,18.7,3.6,(X),(X),18.2,2.3,(X),(X),23.4,3.5,(X),(X),23,7.3,(X),(X),9.8,3,(X),(X),12.7,4.1,(X),(X),14.8,7,(X),(X),26.3,3.8,(X),(X),33.8,5.6,(X),(X),33.1,13.6,(X),(X),21.6,2.2,(X),(X),26.9,4.4,(X),(X),26.6,4.4,(X),(X),27,5.9,(X),(X),26.4,4.8,(X),(X),19.9,1.8,(X),(X),20.1,2.2,(X),(X),19.3,3.1,(X),(X),18.5,2.7,(X),(X),33.4,3.3
047,3,4012,7,Sunset Park & Windsor Terrace,151420,5695,151420,(X),119740,4947,79.1,1.5,55853,3225,36.9,1.9,72076,4068,47.6,1.9,31680,2597,20.9,1.5,37197,2090,37197,(X),1114,349,3,0.9,101504,4194,101504,(X),77353,3505,77353,(X),69892,3151,69892,(X),48249,2447,69,2.3,32756,2001,46.9,2.3,16905,1600,24.2,2.1,21643,2045,31,2.3,7461,917,7461,(X),4561,654,61.1,5.7,1529,323,20.5,4,3344,581,44.8,5.9,2900,584,38.9,5.7,24151,1521,24151,(X),18455,1317,76.4,2.3,6113,690,25.3,2.6,13435,1167,55.6,2.8,5696,642,23.6,2.3,(X),(X),26,1.9,(X),(X),35,2.9,(X),(X),26,6.3,(X),(X),21.5,2.2,(X),(X),28,3.4,(X),(X),13.3,5.5,(X),(X),37,4.3,(X),(X),47.4,5.8,(X),(X),51.1,14.7,(X),(X),28.7,1.8,(X),(X),40.9,3.5,(X),(X),40.6,3.4,(X),(X),39.9,5.1,(X),(X),41,3.9,(X),(X),24.8,1.5,(X),(X),24.4,1.6,(X),(X),28.3,3.7,(X),(X),27.5,2,(X),(X),33.7,2.7
047,3,4013,10,Bay Ridge & Dyker Heights,130138,4750,130138,(X),116361,4051,89.4,1.2,75046,3023,57.7,1.8,53659,3129,41.2,1.8,13777,1787,10.6,1.2,27708,1836,27708,(X),761,324,2.7,1.1,83263,3460,83263,(X),62632,2731,62632,(X),56822,2626,56822,(X),48554,2011,85.4,1.8,39587,1738,69.7,2,10431,1154,18.4,1.8,8268,1229,14.6,1.8,5810,597,5810,(X),3995,513,68.8,5.7,2151,345,37,5.4,2010,386,34.6,5.3,1815,389,31.2,5.7,20631,1656,20631,(X),17947,1462,87,2.4,9494,863,46,3.4,9741,1136,47.2,3.4,2684,563,13,2.4,(X),(X),13.2,1.5,(X),(X),16.3,2.1,(X),(X),11.5,3.8,(X),(X),12,1.7,(X),(X),13.8,2.5,(X),(X),10.4,4.5,(X),(X),18.3,3.6,(X),(X),26.8,7.1,(X),(X),21.6,15.3,(X),(X),15.7,1.5,(X),(X),19.2,2.8,(X),(X),18.9,2.7,(X),(X),16.1,3.3,(X),(X),20.2,3.6,(X),(X),14.7,1.4,(X),(X),14.7,1.6,(X),(X),14.8,2.4,(X),(X),14.6,1.8,(X),(X),20.1,2.3
047,3,4014,12,"Borough Park, Kensington & Ocean Parkway",162440,5569,162440,(X),144180,5344,88.8,1.2,64199,3368,39.5,1.8,91791,4420,56.5,1.7,18260,2096,11.2,1.2,56754,2714,56754,(X),993,364,1.7,0.6,88709,3696,88709,(X),61469,2702,61469,(X),57049,2602,57049,(X),45104,2231,79.1,2.2,28177,1840,49.4,2.5,18366,1360,32.2,2.1,11945,1474,20.9,2.2,4420,557,4420,(X),3321,494,75.1,5.3,1378,304,31.2,5.5,2047,391,46.3,6.5,1099,265,24.9,5.3,27240,1634,27240,(X),23358,1416,85.7,2.4,9812,944,36,2.6,14792,1063,54.3,3.1,3882,742,14.3,2.4,(X),(X),27.8,1.7,(X),(X),38.6,2.4,(X),(X),45,6,(X),(X),28.6,1.9,(X),(X),38.7,2.6,(X),(X),45.4,6.1,(X),(X),25.7,5.7,(X),(X),39.2,9.3,(X),(X),32.4,26.1,(X),(X),32.3,1.8,(X),(X),44.3,2.9,(X),(X),44.2,2.9,(X),(X),47.2,4,(X),(X),42.7,3.1,(X),(X),25.9,1.7,(X),(X),27,1.8,(X),(X),20.4,2.9,(X),(X),32.7,2,(X),(X),29.9,3.3
047,3,4015,14,Flatbush & Midwood,155186,4732,155186,(X),132484,4409,85.4,1.2,73313,3687,47.2,1.9,68272,3251,44,1.8,22702,2038,14.6,1.2,38362,2714,38362,(X),1426,497,3.7,1.2,98918,3148,98918,(X),71902,2625,71902,(X),64371,2407,64371,(X),51090,2179,79.4,2.2,39020,1991,60.6,2.4,13121,1159,20.4,1.6,13281,1570,20.6,2.2,7531,762,7531,(X),4855,569,64.5,5.3,2036,301,27,3.7,3104,520,41.2,5.6,2676,522,35.5,5.3,27016,1572,27016,(X),22109,1437,81.8,2.5,9487,772,35.1,2.2,13441,1146,49.8,3,4907,745,18.2,2.5,(X),(X),17.6,2.1,(X),(X),21.6,3,(X),(X),13.9,6.6,(X),(X),14.7,2.2,(X),(X),18.7,3.5,(X),(X),13.9,7.5,(X),(X),24.7,3.7,(X),(X),27.3,4.7,(X),(X),12.4,9.8,(X),(X),21.4,2,(X),(X),27.5,4,(X),(X),27.4,4,(X),(X),26.2,4.9,(X),(X),28,4.4,(X),(X),19.4,1.6,(X),(X),18.4,1.8,(X),(X),25.1,2.5,(X),(X),18.9,2.4,(X),(X),32.1,2.4
047,3,4016,15,"Sheepshead Bay, Gerritsen Beach & Homecrest",151071,4664,151071,(X),139304,4479,92.2,0.9,92919,4023,61.5,1.8,58028,3092,38.4,1.8,11767,1485,7.8,0.9,33046,1962,33046,(X),792,400,2.4,1.2,92429,3288,92429,(X),65601,2477,65601,(X),59397,2312,59397,(X),53703,2226,90.4,1.2,45589,2215,76.8,1.9,8963,996,15.1,1.7,5694,743,9.6,1.2,6204,758,6204,(X),4582,662,73.9,5.5,2358,489,38,6,2316,472,37.3,6.4,1622,391,26.1,5.5,26828,1678,26828,(X),23701,1614,88.3,2.2,14974,1216,55.8,2.8,9680,996,36.1,2.9,3127,609,11.7,2.2,(X),(X),13.8,1.6,(X),(X),19.1,3.1,(X),(X),20.5,6.8,(X),(X),11,1.7,(X),(X),13.9,3,(X),(X),14.5,6.4,(X),(X),25.5,5.5,(X),(X),38.5,9.4,(X),(X),39.5,23.9,(X),(X),16.6,1.6,(X),(X),21.2,3.6,(X),(X),21,3.7,(X),(X),24.6,5.4,(X),(X),19.6,3.8,(X),(X),15.3,1.3,(X),(X),13.8,1.4,(X),(X),20.9,2.4,(X),(X),14.1,1.8,(X),(X),30,2.4
047,3,4017,11,Bensonhurst & Bath Beach,185965,5471,185965,(X),159799,4998,85.9,1,87104,3964,46.8,1.7,84925,3826,45.7,1.5,26166,2067,14.1,1,37159,2311,37159,(X),1024,323,2.8,0.8,121671,3811,121671,(X),88880,3092,88880,(X),79899,2771,79899,(X),63446,2482,79.4,1.7,47982,2257,60.1,2.1,16495,1265,20.6,1.4,16453,1561,20.6,1.7,8981,907,8981,(X),6607,790,73.6,3.9,2854,438,31.8,3.7,3925,595,43.7,4.5,2374,398,26.4,3.9,32791,1536,32791,(X),26836,1428,81.8,2.1,11841,959,36.1,2.6,16394,1295,50,2.9,5955,753,18.2,2.1,(X),(X),15.5,1.6,(X),(X),20.9,2.5,(X),(X),17.3,5,(X),(X),14.7,1.7,(X),(X),17.9,2.4,(X),(X),12.4,4.7,(X),(X),20.8,3.9,(X),(X),36.9,7.5,(X),(X),55.5,19.1,(X),(X),18,1.6,(X),(X),25.2,3.1,(X),(X),25.1,3.1,(X),(X),22.5,4.2,(X),(X),26.1,3.6,(X),(X),16.2,1.3,(X),(X),15.2,1.4,(X),(X),20.7,2.2,(X),(X),16.1,1.7,(X),(X),29.3,2.9
047,3,4018,13,Brighton Beach & Coney Island,102843,4203,102843,(X),91416,4048,88.9,1.3,48545,3043,47.2,2.4,51430,3277,50,2.3,11427,1425,11.1,1.3,17529,1805,17529,(X),814,336,4.6,1.9,61560,2932,61560,(X),43471,2210,43471,(X),38168,2276,38168,(X),31997,2133,83.8,2.4,26170,1954,68.6,2.8,6596,994,17.3,2.5,6171,987,16.2,2.4,5303,888,5303,(X),3716,682,70.1,6.1,1433,357,27,5.5,2445,546,46.1,7,1587,437,29.9,6.1,18089,1376,18089,(X),15415,1230,85.2,2.7,6220,824,34.4,3.7,10256,904,56.7,3.4,2674,540,14.8,2.7,(X),(X),19.6,2.2,(X),(X),26.5,3.9,(X),(X),24.5,9.4,(X),(X),16.3,2.4,(X),(X),19.1,4,(X),(X),21.3,11.3,(X),(X),28.5,5.1,(X),(X),44.2,8.2,(X),(X),30.8,19.1,(X),(X),26.5,2,(X),(X),31.1,5,(X),(X),30.8,5,(X),(X),32.5,7.3,(X),(X),30.1,5.7,(X),(X),25.6,1.8,(X),(X),20.6,2.3,(X),(X),38.4,3.4,(X),(X),20.1,2.4,(X),(X),48.1,3.4
081,4,4101,1,Astoria & Long Island City,171166,5034,171166,(X),140428,4471,82,1,96120,3875,56.2,1.7,56497,3094,33,1.6,30738,2000,18,1,25886,2106,25886,(X),702,223,2.7,0.8,124334,3790,124334,(X),101289,3382,101289,(X),91860,3119,91860,(X),70970,2788,77.3,1.6,62699,2700,68.3,1.8,9836,948,10.7,1,20890,1617,22.7,1.6,9429,762,9429,(X),6184,640,65.6,4.6,3636,530,38.6,5,2974,470,31.5,4.3,3245,519,34.4,4.6,23045,1496,23045,(X),17405,1261,75.5,2.9,8894,949,38.6,3.1,10002,958,43.4,3.3,5640,795,24.5,2.9,(X),(X),15.5,1.8,(X),(X),22.7,3.4,(X),(X),10.5,4.7,(X),(X),10.2,1.9,(X),(X),14.7,3.6,(X),(X),6.3,4,(X),(X),29.7,4.3,(X),(X),39.5,6.4,(X),(X),23.1,11.1,(X),(X),18.7,1.6,(X),(X),26.9,4.3,(X),(X),26.8,4.3,(X),(X),20.7,5.9,(X),(X),29.5,4.6,(X),(X),17.2,1.2,(X),(X),17,1.3,(X),(X),18.3,2.7,(X),(X),16.6,2.3,(X),(X),22.7,1.7
081,4,4102,3,Jackson Heights & North Corona,185268,5893,185268,(X),126656,4396,68.4,1.5,62645,3126,33.8,1.6,74012,3551,39.9,1.5,58612,3718,31.6,1.5,38492,2333,38492,(X),2391,598,6.2,1.5,128761,4640,128761,(X),95921,3494,95921,(X),88226,3285,88226,(X),48721,2366,55.2,2.1,36024,2108,40.8,1.9,13862,1255,15.7,1.4,39505,2531,44.8,2.1,7695,962,7695,(X),4104,569,53.3,5.6,1596,346,20.7,4.4,2620,489,34,5.1,3591,701,46.7,5.6,32840,2187,32840,(X),20319,1597,61.9,3.1,7663,902,23.3,2.6,13585,1432,41.4,3.2,12521,1397,38.1,3.1,(X),(X),18.3,1.9,(X),(X),25.7,2.9,(X),(X),15.4,5,(X),(X),16.1,2.5,(X),(X),21.1,3.9,(X),(X),13.4,6.8,(X),(X),26.8,4.4,(X),(X),38.9,7.1,(X),(X),32.5,16.2,(X),(X),22,1.6,(X),(X),30.2,3.8,(X),(X),29.9,3.8,(X),(X),27.8,5.3,(X),(X),30.8,4.3,(X),(X),19.9,1.5,(X),(X),20.1,1.6,(X),(X),18.3,3.1,(X),(X),19,2,(X),(X),31.9,2
081,4,4103,7,"Flushing, Murray Hill & Whitestone",246562,7645,246562,(X),194649,6394,78.9,1.1,122324,5837,49.6,1.7,92250,4670,37.4,1.6,51913,3383,21.1,1.1,43734,2597,43734,(X),4303,873,9.8,1.9,160832,5243,160832,(X),116871,4076,116871,(X),106656,4040,106656,(X),77578,2888,72.7,1.5,62907,2856,59,1.7,16135,1432,15.1,1.4,29078,2148,27.3,1.5,10215,1106,10215,(X),6083,741,59.5,5.9,3448,502,33.8,4.6,2861,515,28,4.3,4132,857,40.5,5.9,43961,2746,43961,(X),30561,2308,69.5,2.7,17100,1688,38.9,3.1,14965,1674,34,3.1,13400,1407,30.5,2.7,(X),(X),12.6,1.2,(X),(X),16.5,2.2,(X),(X),11.2,4.6,(X),(X),11.9,1.5,(X),(X),14.5,2.6,(X),(X),12,5.7,(X),(X),17.5,3.7,(X),(X),27.7,6.9,(X),(X),12,9.7,(X),(X),15.2,1.1,(X),(X),18.1,2.8,(X),(X),17.8,2.8,(X),(X),12.9,4.2,(X),(X),19.9,3.7,(X),(X),14.6,1.1,(X),(X),14.4,1.3,(X),(X),15.3,1.9,(X),(X),12.7,1.3,(X),(X),28.1,2.4
081,4,4104,11,"Bayside, Douglaston & Little Neck",119977,3891,119977,(X),105925,3200,88.3,1.3,84487,3080,70.4,1.7,34039,1921,28.4,1.5,14052,1761,11.7,1.3,23416,1639,23416,(X),1244,428,5.3,1.7,76804,2922,76804,(X),58872,2342,58872,(X),54388,2208,54388,(X),47244,1812,86.9,1.7,44019,1812,80.9,2.1,3856,676,7.1,1.2,7144,1076,13.1,1.7,4484,631,4484,(X),2815,520,62.8,7.7,2012,438,44.9,7.7,888,292,19.8,5.8,1669,426,37.2,7.7,17932,1479,17932,(X),14369,1248,80.1,2.9,10404,976,58,3.3,5005,717,27.9,3,3563,623,19.9,2.9,(X),(X),6.7,1.3,(X),(X),8.8,2.5,(X),(X),5.4,4,(X),(X),5.9,1.5,(X),(X),7.7,2.9,(X),(X),3.3,3.4,(X),(X),9.3,3.6,(X),(X),11.9,5.9,(X),(X),8,10.4,(X),(X),8.5,1.4,(X),(X),9.6,3,(X),(X),9.5,3,(X),(X),8.3,4.5,(X),(X),9.9,3.2,(X),(X),8.2,1.2,(X),(X),8.3,1.4,(X),(X),7.6,1.8,(X),(X),7,1.6,(X),(X),17.5,3
081,4,4105,13,"Queens Village, Cambria Heights & Rosedale",197402,5125,197402,(X),174501,4622,88.4,1.1,130507,4168,66.1,1.4,63617,2550,32.2,1.1,22901,2346,11.6,1.1,40992,1941,40992,(X),2209,636,5.4,1.5,128792,3699,128792,(X),99728,3146,99728,(X),89562,2751,89562,(X),78359,2553,87.5,1.4,70912,2403,79.2,1.4,8683,687,9.7,0.7,11203,1318,12.5,1.4,10166,1004,10166,(X),6711,733,66,4.7,4136,585,40.7,4,3033,477,29.8,4.4,3455,637,34,4.7,29064,1635,29064,(X),23359,1456,80.4,2.2,13322,936,45.8,3,11705,1214,40.3,2.9,5705,710,19.6,2.2,(X),(X),7.6,1,(X),(X),11.4,1.7,(X),(X),4.4,2.2,(X),(X),4.7,0.9,(X),(X),6.3,1.7,(X),(X),1.9,2,(X),(X),13.8,2.5,(X),(X),22.2,4.4,(X),(X),9.2,5.3,(X),(X),9.6,1.1,(X),(X),14.8,2.6,(X),(X),14.4,2.6,(X),(X),13.1,3.8,(X),(X),15,2.7,(X),(X),8.3,0.9,(X),(X),8.4,0.9,(X),(X),7.5,1.3,(X),(X),7.8,1.2,(X),(X),23,2.7
081,4,4106,8,"Briarwood, Fresh Meadows & Hillcrest",152250,6723,152250,(X),133241,6068,87.5,1.3,94019,4913,61.8,2.5,51024,4306,33.5,2.3,19009,2196,12.5,1.3,33035,2868,33035,(X),1082,366,3.3,1.1,98494,4362,98494,(X),70842,3206,70842,(X),63457,2887,63457,(X),52937,2366,83.4,2,46203,2248,72.8,2.6,7593,1040,12,1.5,10520,1453,16.6,2,7385,934,7385,(X),5099,774,69,5.8,3092,627,41.9,6.5,2206,496,29.9,5.8,2286,512,31,5.8,27652,1919,27652,(X),23257,1849,84.1,3.4,14864,1525,53.8,4.3,9346,1298,33.8,4.1,4395,1000,15.9,3.4,(X),(X),12.3,2.1,(X),(X),17.4,3,(X),(X),15.3,6.2,(X),(X),10,2.2,(X),(X),14.3,3.3,(X),(X),14.9,7.4,(X),(X),21,6.3,(X),(X),27.3,9.5,(X),(X),19,14.5,(X),(X),16.3,2.1,(X),(X),20.4,3.9,(X),(X),20.3,3.9,(X),(X),20,5.1,(X),(X),20.5,4.2,(X),(X),15.2,1.9,(X),(X),15.6,2.2,(X),(X),13.3,2.3,(X),(X),14.4,2.5,(X),(X),26.1,3.5
081,4,4107,4,Elmhurst & South Corona,142919,5286,142919,(X),101697,3928,71.2,1.7,50894,3040,35.6,1.9,59905,3255,41.9,1.9,41222,3201,28.8,1.7,29727,2426,29727,(X),1360,418,4.6,1.3,98220,4183,98220,(X),72248,3235,72248,(X),67635,3144,67635,(X),39295,2107,58.1,2.6,28461,1906,42.1,2.5,12486,1389,18.5,2,28340,2489,41.9,2.6,4613,732,4613,(X),2834,524,61.4,6.3,1387,398,30.1,7.3,1569,419,34,7.6,1779,416,38.6,6.3,25972,2042,25972,(X),16747,1613,64.5,3.3,7025,989,27,3.5,11237,1463,43.3,3.9,9225,1083,35.5,3.3,(X),(X),19.7,2.5,(X),(X),25.5,3.3,(X),(X),15.5,4.8,(X),(X),17.1,2.5,(X),(X),19,3.3,(X),(X),7.4,4.6,(X),(X),27.7,6.1,(X),(X),39.9,8.1,(X),(X),43.1,18.2,(X),(X),22.7,2.2,(X),(X),30.2,4.7,(X),(X),30.1,4.7,(X),(X),26.3,5.2,(X),(X),31.9,5.3,(X),(X),20.7,2,(X),(X),20.2,2.1,(X),(X),24,4.2,(X),(X),19.8,2.6,(X),(X),34.5,3.1
081,4,4108,6,Forest Hills & Rego Park,114513,5035,114513,(X),103567,4600,90.4,1,80952,4338,70.7,1.8,32941,2352,28.8,2,10946,1282,9.6,1,19983,2114,19983,(X),695,296,3.5,1.4,75089,3433,75089,(X),59802,2767,59802,(X),56140,2579,56140,(X),50093,2331,89.2,1.2,46653,2388,83.1,1.7,4250,841,7.6,1.5,6047,763,10.8,1.2,3662,646,3662,(X),2480,467,67.7,8.1,1522,345,41.6,7.1,991,264,27.1,6.3,1182,396,32.3,8.1,15287,1472,15287,(X),12411,1245,81.2,3.5,8544,1105,55.9,4.3,4571,714,29.9,4.2,2876,643,18.8,3.5,(X),(X),7.4,1.4,(X),(X),8.8,1.8,(X),(X),3.3,2.7,(X),(X),5.5,1.4,(X),(X),5,1.8,(X),(X),2.8,2.6,(X),(X),14.6,5.3,(X),(X),20.9,8.5,(X),(X),9.5,16.1,(X),(X),9.9,1.4,(X),(X),11.9,4,(X),(X),11.6,3.9,(X),(X),8.3,3.8,(X),(X),13.5,4.6,(X),(X),9.5,1.2,(X),(X),8.5,1.4,(X),(X),13.5,2.5,(X),(X),7.9,1.7,(X),(X),15.7,2.3
081,4,4109,2,Sunnyside & Woodside,134297,4494,134297,(X),104520,3823,77.8,1.5,65473,2883,48.8,1.9,46920,3137,34.9,1.8,29777,2294,22.2,1.5,23835,1893,23835,(X),945,320,4,1.3,96407,3462,96407,(X),74312,2872,74312,(X),69453,2825,69453,(X),49029,2254,70.6,2.1,40647,1853,58.5,2,9251,1140,13.3,1.5,20424,1804,29.4,2.1,4859,598,4859,(X),2890,472,59.5,6.6,1539,326,31.7,6.3,1420,405,29.2,7.1,1969,408,40.5,6.6,22095,1593,22095,(X),16088,1401,72.8,3.4,7403,977,33.5,3.9,9550,1184,43.2,4,6007,855,27.2,3.4,(X),(X),12.2,1.7,(X),(X),18.4,3.2,(X),(X),12.9,6.6,(X),(X),10.1,2.2,(X),(X),14.1,3.9,(X),(X),10.3,6.4,(X),(X),21.9,5.1,(X),(X),37,9.4,(X),(X),43.9,26.8,(X),(X),15.6,1.7,(X),(X),22.3,4.5,(X),(X),21.9,4.5,(X),(X),21,6.8,(X),(X),22.4,4.8,(X),(X),14.2,1.3,(X),(X),14.5,1.4,(X),(X),11.6,2.6,(X),(X),13.1,2.2,(X),(X),22.1,2.1
081,4,4110,5,"Ridgewood, Glendale & Middle Village",165122,4664,165122,(X),136254,4142,82.5,1.1,89401,3236,54.1,1.5,57415,2713,34.8,1.3,28868,2092,17.5,1.1,34379,2105,34379,(X),1796,440,5.2,1.2,109492,3237,109492,(X),81690,2496,81690,(X),74758,2354,74758,(X),57615,2096,77.1,1.7,49678,1936,66.5,1.7,8825,1020,11.8,1.3,17143,1461,22.9,1.7,6932,697,6932,(X),4154,511,59.9,5,2466,366,35.6,4.6,1741,337,25.1,4,2778,465,40.1,5,27802,1509,27802,(X),21178,1325,76.2,2.7,11142,975,40.1,3,10987,960,39.5,2.7,6624,856,23.8,2.7,(X),(X),11.1,1.1,(X),(X),17.4,2,(X),(X),14.6,5.6,(X),(X),7.7,1.2,(X),(X),10.6,2.2,(X),(X),11,5.3,(X),(X),22.1,3.4,(X),(X),35.1,5.7,(X),(X),24.8,13.8,(X),(X),14.4,1.1,(X),(X),20.4,2.4,(X),(X),19.9,2.4,(X),(X),20.9,4.2,(X),(X),19.5,2.7,(X),(X),12.8,1,(X),(X),12.8,1.1,(X),(X),12.9,2,(X),(X),12.2,1.3,(X),(X),23.8,2.1
081,4,4111,9,Richmond Hill & Woodhaven,153673,5265,153673,(X),128779,4741,83.8,1,74969,3682,48.8,1.7,60587,2916,39.4,1.5,24894,1778,16.2,1,36472,2230,36472,(X),1385,398,3.8,1,102826,3733,102826,(X),77412,3013,77412,(X),69684,2762,69684,(X),54946,2476,78.9,1.6,43598,2154,62.6,1.9,12205,1037,17.5,1.3,14738,1253,21.1,1.6,7728,690,7728,(X),5113,536,66.2,4.5,2150,364,27.8,3.9,3148,450,40.7,4.9,2615,441,33.8,4.5,25414,1416,25414,(X),19547,1310,76.9,2.5,7961,850,31.3,2.6,12253,1064,48.2,3.2,5867,675,23.1,2.5,(X),(X),15.3,1.4,(X),(X),20.9,2,(X),(X),12.8,4.6,(X),(X),11.5,1.7,(X),(X),14.7,2.3,(X),(X),8.9,4.6,(X),(X),28.2,3.5,(X),(X),38.9,4.7,(X),(X),30.8,12.9,(X),(X),16.8,1.4,(X),(X),24,2.5,(X),(X),23.7,2.6,(X),(X),22.4,4.4,(X),(X),24.2,2.7,(X),(X),14.6,1.2,(X),(X),14.9,1.3,(X),(X),12.3,2.1,(X),(X),15.4,1.4,(X),(X),25.8,2.8
081,4,4112,12,"Jamaica, Hollis & St. Albans",234412,6228,234412,(X),199256,5517,85,0.9,117855,3936,50.3,1.6,98236,4729,41.9,1.4,35156,2420,15,0.9,57604,2849,57604,(X),3107,603,5.4,1,149624,3853,149624,(X),119190,3113,119190,(X),102343,2938,102343,(X),81954,2630,80.1,1.6,66079,2313,64.6,1.7,17957,1249,17.5,1,20389,1807,19.9,1.6,16847,1202,16847,(X),11490,892,68.2,2.6,4450,503,26.4,2.8,7345,810,43.6,3.3,5357,609,31.8,2.6,30434,1829,30434,(X),24910,1742,81.8,2.1,10449,1116,34.3,2.8,16079,1353,52.8,2.9,5524,666,18.2,2.1,(X),(X),13.7,1.5,(X),(X),19.5,2.2,(X),(X),17.4,5.5,(X),(X),9,1.7,(X),(X),12.5,2.4,(X),(X),13.2,7.2,(X),(X),19.6,2.7,(X),(X),26.9,3.6,(X),(X),23.5,9.5,(X),(X),17.1,1.6,(X),(X),25.6,3.5,(X),(X),25,3.5,(X),(X),27.1,4.1,(X),(X),24.1,4.1,(X),(X),14.4,1.1,(X),(X),14.3,1.2,(X),(X),15,2.1,(X),(X),14.5,1.8,(X),(X),33.4,2.6
081,4,4113,10,Howard Beach & Ozone Park,130180,4879,130180,(X),109981,4382,84.5,1.2,69603,3912,53.5,2,49830,2734,38.3,1.8,20199,1712,15.5,1.2,27518,1812,27518,(X),1432,432,5.2,1.6,86878,3578,86878,(X),65809,3282,65809,(X),57879,2907,57879,(X),46881,2568,81,1.7,38324,2261,66.2,2.2,9509,1071,16.4,1.5,10998,1129,19,1.7,7930,796,7930,(X),5186,659,65.4,4.9,2724,531,34.4,5.2,2606,400,32.9,4.3,2744,469,34.6,4.9,21069,1384,21069,(X),16400,1317,77.8,3.2,7886,992,37.4,3.6,9290,965,44.1,3.7,4669,716,22.2,3.2,(X),(X),10.4,1.4,(X),(X),15.2,2.5,(X),(X),10.7,4.8,(X),(X),7.5,1.4,(X),(X),10.1,2.5,(X),(X),4.6,3.7,(X),(X),19.7,3.7,(X),(X),32,6.6,(X),(X),28.8,14.5,(X),(X),13.4,1.6,(X),(X),18.6,3,(X),(X),18.5,3.1,(X),(X),16.3,4.9,(X),(X),19.2,3.5,(X),(X),12,1.5,(X),(X),12.3,1.6,(X),(X),10.6,2.5,(X),(X),11.3,1.6,(X),(X),31.9,4.3
081,4,4114,14,"Far Rockaway, Breezy Point & Broad Channel",113710,4460,113710,(X),100094,4235,88,1.6,61387,3278,54,2.4,47900,3262,42.1,2.3,13616,1930,12,1.6,32141,2279,32141,(X),1073,401,3.3,1.2,67406,3169,67406,(X),48807,2234,48807,(X),43447,2011,43447,(X),35982,2017,82.8,2.7,29968,1678,69,2.7,6826,1086,15.7,2.3,7465,1207,17.2,2.7,5360,892,5360,(X),3574,574,66.7,6.8,1338,387,25,6.2,2314,469,43.2,7.1,1786,554,33.3,6.8,18599,1780,18599,(X),15424,1503,82.9,3.3,7041,961,37.9,4.1,9604,1134,51.6,4.1,3175,734,17.1,3.3,(X),(X),17,2.2,(X),(X),21.4,3.4,(X),(X),19,7.3,(X),(X),8.1,2.2,(X),(X),8.6,2.8,(X),(X),8.5,7.5,(X),(X),30.9,4.4,(X),(X),36.3,6.3,(X),(X),29.9,13.1,(X),(X),19.4,2.2,(X),(X),25.2,4,(X),(X),25.1,4,(X),(X),24.1,5.9,(X),(X),25.6,4.3,(X),(X),17.1,1.8,(X),(X),16.6,2,(X),(X),19.9,3.5,(X),(X),17.3,2.4,(X),(X),30.2,3.9